data,pedido_id,categoria,produto,regiao,canal,quantidade,preco_unitario,receita
2024-01-01,10001,Moda,Relógio,Sudeste,Loja Física,2,329.0,658.0
2024-01-01,10002,Eletrônicos,Smartwatch,Sul,Site,2,809.1,1618.2
2024-01-01,10003,Eletrônicos,Fone Bluetooth,Nordeste,App,3,224.1,672.3
2024-01-01,10004,Eletrônicos,Fone Bluetooth,Centro-Oeste,App,2,211.65,423.3
2024-01-01,10005,Moda,Tênis Esportivo,Sudeste,App,2,399.0,798.0
2024-01-01,10006,Casa,Liquidificador,Sudeste,Site,3,169.15,507.45
2024-01-02,10007,Moda,Jaqueta,Sul,Loja Física,1,246.05,246.05
2024-01-02,10008,Informática,"Monitor 24""",Centro-Oeste,Loja Física,3,999.0,2997.0
2024-01-03,10009,Esporte,Bicicleta,Nordeste,App,3,1519.05,4557.15
2024-01-03,10010,Eletrônicos,Notebook,Sul,Site,3,3999.0,11997.0
2024-01-03,10011,Informática,Mouse Gamer,Sul,App,2,159.0,318.0
2024-01-04,10012,Moda,Jaqueta,Sudeste,Loja Física,2,259.0,518.0
2024-01-04,10013,Eletrônicos,Smartphone,Sudeste,App,3,1899.0,5697.0
2024-01-04,10014,Eletrônicos,Smartphone,Nordeste,Site,2,1804.05,3608.1
2024-01-04,10015,Casa,Liquidificador,Sudeste,App,1,199.0,199.0
2024-01-05,10016,Eletrônicos,Notebook,Sudeste,Site,3,3999.0,11997.0
2024-01-05,10017,Moda,Mochila,Sudeste,Loja Física,2,179.0,358.0
2024-01-05,10018,Informática,Teclado Mecânico,Sudeste,Loja Física,3,331.55,994.65
2024-01-06,10019,Casa,Liquidificador,Sudeste,App,1,199.0,199.0
2024-01-06,10020,Casa,Aspirador Robô,Nordeste,App,1,1169.1,1169.1
2024-01-06,10021,Moda,Jaqueta,Nordeste,Site,1,259.0,259.0
2024-01-06,10022,Moda,Relógio,Sul,Site,2,329.0,658.0
2024-01-07,10023,Eletrônicos,Fone Bluetooth,Sul,Site,3,224.1,672.3
2024-01-08,10024,Eletrônicos,Smartphone,Nordeste,Site,3,1899.0,5697.0
2024-01-09,10025,Esporte,Halteres 10kg,Sudeste,Loja Física,2,189.0,378.0
2024-01-09,10026,Casa,Air Fryer,Sul,Site,3,459.0,1377.0
2024-01-09,10027,Moda,Mochila,Nordeste,App,1,170.05,170.05
2024-01-09,10028,Informática,Teclado Mecânico,Sudeste,Site,1,314.1,314.1
2024-01-09,10029,Eletrônicos,Fone Bluetooth,Centro-Oeste,Site,2,224.1,448.2
2024-01-10,10030,Informática,"Monitor 24""",Norte,Loja Física,1,999.0,999.0
2024-01-10,10031,Eletrônicos,Fone Bluetooth,Sul,Site,3,224.1,672.3
2024-01-10,10032,Esporte,Bicicleta,Sudeste,Site,3,1519.05,4557.15
2024-01-10,10033,Moda,Mochila,Sudeste,Site,2,161.1,322.2
2024-01-10,10034,Informática,Mouse Gamer,Sudeste,App,3,159.0,477.0
2024-01-11,10035,Esporte,Bicicleta,Nordeste,Site,1,1599.0,1599.0
2024-01-11,10036,Informática,Teclado Mecânico,Sul,Site,2,331.55,663.1
2024-01-11,10037,Esporte,Tapete Yoga,Sudeste,Site,1,94.05,94.05
2024-01-11,10038,Moda,Mochila,Sudeste,App,3,179.0,537.0
2024-01-11,10039,Casa,Aspirador Robô,Norte,Site,1,1299.0,1299.0
2024-01-11,10040,Esporte,Esteira,Sudeste,Site,2,2659.05,5318.1
2024-01-12,10041,Moda,Tênis Esportivo,Sudeste,App,1,379.05,379.05
2024-01-12,10042,Esporte,Tapete Yoga,Nordeste,Site,2,89.1,178.2
2024-01-12,10043,Eletrônicos,Notebook,Centro-Oeste,App,3,3799.05,11397.15
2024-01-12,10044,Casa,Aspirador Robô,Nordeste,Loja Física,1,1299.0,1299.0
2024-01-12,10045,Esporte,Bicicleta,Sudeste,Loja Física,3,1599.0,4797.0
2024-01-12,10046,Eletrônicos,Notebook,Norte,Site,1,3999.0,3999.0
2024-01-12,10047,Eletrônicos,Notebook,Sudeste,Site,2,3999.0,7998.0
2024-01-13,10048,Eletrônicos,Notebook,Sudeste,Site,2,3799.05,7598.1
2024-01-14,10049,Casa,Air Fryer,Sul,Site,3,459.0,1377.0
2024-01-14,10050,Informática,Teclado Mecânico,Sul,Site,1,349.0,349.0
2024-01-14,10051,Eletrônicos,Smartwatch,Sudeste,Loja Física,1,809.1,809.1
2024-01-15,10052,Eletrônicos,Smartwatch,Sudeste,App,3,899.0,2697.0
2024-01-15,10053,Informática,Teclado Mecânico,Sudeste,Site,1,349.0,349.0
2024-01-15,10054,Eletrônicos,Notebook,Sudeste,Site,2,3999.0,7998.0
2024-01-15,10055,Eletrônicos,Fone Bluetooth,Centro-Oeste,App,1,224.1,224.1
2024-01-15,10056,Informática,SSD 1TB,Centro-Oeste,App,1,429.0,429.0
2024-01-15,10057,Informática,SSD 1TB,Sudeste,App,2,407.55,815.1
2024-01-15,10058,Casa,Air Fryer,Centro-Oeste,Site,1,436.05,436.05
2024-01-15,10059,Esporte,Esteira,Sudeste,Loja Física,2,2659.05,5318.1
2024-01-16,10060,Eletrônicos,Fone Bluetooth,Nordeste,Site,2,249.0,498.0
2024-01-16,10061,Eletrônicos,Fone Bluetooth,Sul,App,1,249.0,249.0
2024-01-16,10062,Casa,Liquidificador,Sul,Loja Física,3,199.0,597.0
2024-01-16,10063,Esporte,Bicicleta,Nordeste,Site,3,1599.0,4797.0
2024-01-16,10064,Eletrônicos,Smartwatch,Sudeste,Loja Física,3,854.05,2562.15
2024-01-16,10065,Esporte,Tapete Yoga,Sudeste,Site,2,99.0,198.0
2024-01-16,10066,Informática,SSD 1TB,Sul,Site,1,386.1,386.1
2024-01-17,10067,Informática,SSD 1TB,Sul,App,3,429.0,1287.0
2024-01-17,10068,Moda,Mochila,Centro-Oeste,Site,1,179.0,179.0
2024-01-17,10069,Esporte,Halteres 10kg,Centro-Oeste,App,1,189.0,189.0
2024-01-17,10070,Casa,Aspirador Robô,Centro-Oeste,Site,1,1104.15,1104.15
2024-01-17,10071,Moda,Relógio,Nordeste,App,1,279.65,279.65
2024-01-17,10072,Eletrônicos,Fone Bluetooth,Sudeste,Site,1,224.1,224.1
2024-01-17,10073,Casa,Air Fryer,Centro-Oeste,App,3,459.0,1377.0
2024-01-17,10074,Moda,Relógio,Sudeste,App,1,329.0,329.0
2024-01-17,10075,Esporte,Tapete Yoga,Sudeste,Loja Física,3,89.1,267.3
2024-01-18,10076,Informática,Teclado Mecânico,Sul,App,1,349.0,349.0
2024-01-18,10077,Casa,Aspirador Robô,Nordeste,Site,1,1299.0,1299.0
2024-01-18,10078,Esporte,Bicicleta,Norte,App,1,1519.05,1519.05
2024-01-18,10079,Casa,Air Fryer,Centro-Oeste,App,1,459.0,459.0
2024-01-19,10080,Moda,Relógio,Sul,App,1,279.65,279.65
2024-01-20,10081,Casa,Aspirador Robô,Norte,Site,2,1234.05,2468.1
2024-01-20,10082,Moda,Jaqueta,Sul,Site,2,259.0,518.0
2024-01-20,10083,Esporte,Bicicleta,Sul,App,3,1599.0,4797.0
2024-01-20,10084,Informática,Teclado Mecânico,Sudeste,Site,2,349.0,698.0
2024-01-21,10085,Informática,Teclado Mecânico,Sul,App,2,349.0,698.0
2024-01-21,10086,Casa,Aspirador Robô,Nordeste,Site,3,1234.05,3702.15
2024-01-22,10087,Casa,Liquidificador,Sul,App,1,199.0,199.0
2024-01-22,10088,Esporte,Bicicleta,Sul,Site,1,1439.1,1439.1
2024-01-22,10089,Eletrônicos,Smartphone,Sudeste,Site,3,1899.0,5697.0
2024-01-22,10090,Esporte,Halteres 10kg,Nordeste,Site,1,189.0,189.0
2024-01-22,10091,Casa,Liquidificador,Sudeste,App,3,199.0,597.0
2024-01-22,10092,Esporte,Esteira,Norte,Loja Física,1,2799.0,2799.0
2024-01-23,10093,Moda,Tênis Esportivo,Sudeste,Loja Física,3,399.0,1197.0
2024-01-23,10094,Casa,Liquidificador,Centro-Oeste,Loja Física,3,199.0,597.0
2024-01-23,10095,Moda,Tênis Esportivo,Sudeste,App,2,399.0,798.0
2024-01-23,10096,Casa,Air Fryer,Sudeste,Site,2,459.0,918.0
2024-01-23,10097,Informática,SSD 1TB,Sudeste,App,3,429.0,1287.0
2024-01-23,10098,Eletrônicos,Smartwatch,Sudeste,Site,2,899.0,1798.0
2024-01-24,10099,Moda,Jaqueta,Centro-Oeste,App,3,259.0,777.0
2024-01-24,10100,Casa,Aspirador Robô,Sul,Loja Física,3,1169.1,3507.3
2024-01-24,10101,Informática,"Monitor 24""",Sul,App,1,999.0,999.0
2024-01-24,10102,Esporte,Esteira,Centro-Oeste,App,1,2799.0,2799.0
2024-01-24,10103,Informática,Mouse Gamer,Sudeste,Loja Física,1,159.0,159.0
2024-01-25,10104,Informática,Teclado Mecânico,Nordeste,Loja Física,1,331.55,331.55
2024-01-25,10105,Esporte,Esteira,Centro-Oeste,App,3,2659.05,7977.15
2024-01-25,10106,Casa,Cafeteira,Centro-Oeste,Site,3,274.55,823.65
2024-01-26,10107,Moda,Jaqueta,Nordeste,App,1,259.0,259.0
2024-01-26,10108,Eletrônicos,Smartwatch,Norte,Site,3,899.0,2697.0
2024-01-26,10109,Eletrônicos,Smartwatch,Centro-Oeste,Loja Física,2,899.0,1798.0
2024-01-26,10110,Eletrônicos,Notebook,Sudeste,Site,3,3999.0,11997.0
2024-01-26,10111,Informática,Mouse Gamer,Nordeste,Loja Física,3,151.05,453.15
2024-01-26,10112,Moda,Mochila,Sudeste,Site,3,161.1,483.3
2024-01-26,10113,Eletrônicos,Fone Bluetooth,Sul,App,1,249.0,249.0
2024-01-26,10114,Esporte,Esteira,Centro-Oeste,App,1,2799.0,2799.0
2024-01-27,10115,Moda,Mochila,Centro-Oeste,Site,2,179.0,358.0
2024-01-27,10116,Informática,"Monitor 24""",Nordeste,Loja Física,1,999.0,999.0
2024-01-27,10117,Casa,Liquidificador,Sudeste,App,2,199.0,398.0
2024-01-27,10118,Informática,Mouse Gamer,Sul,Site,3,151.05,453.15
2024-01-28,10119,Informática,Mouse Gamer,Nordeste,Site,2,159.0,318.0
2024-01-28,10120,Eletrônicos,Notebook,Nordeste,App,2,3399.15,6798.3
2024-01-28,10121,Esporte,Halteres 10kg,Sudeste,Loja Física,2,189.0,378.0
2024-01-28,10122,Esporte,Halteres 10kg,Sul,App,2,179.55,359.1
2024-01-29,10123,Informática,SSD 1TB,Nordeste,App,1,429.0,429.0
2024-01-29,10124,Informática,"Monitor 24""",Norte,App,2,999.0,1998.0
2024-01-29,10125,Informática,SSD 1TB,Sudeste,App,3,407.55,1222.65
2024-01-30,10126,Esporte,Bicicleta,Sudeste,Site,1,1359.15,1359.15
2024-01-30,10127,Eletrônicos,Smartphone,Sul,Site,2,1899.0,3798.0
2024-01-30,10128,Eletrônicos,Smartphone,Sudeste,Site,1,1899.0,1899.0
2024-01-30,10129,Esporte,Esteira,Sudeste,Site,2,2799.0,5598.0
2024-02-01,10130,Informática,Mouse Gamer,Sudeste,Site,2,159.0,318.0
2024-02-01,10131,Casa,Liquidificador,Sudeste,Site,2,199.0,398.0
2024-02-02,10132,Esporte,Halteres 10kg,Sudeste,Site,2,179.55,359.1
2024-02-02,10133,Informática,Mouse Gamer,Sudeste,Site,1,159.0,159.0
2024-02-02,10134,Esporte,Bicicleta,Sudeste,App,1,1519.05,1519.05
2024-02-02,10135,Informática,"Monitor 24""",Centro-Oeste,App,3,999.0,2997.0
2024-02-02,10136,Esporte,Halteres 10kg,Centro-Oeste,Site,1,179.55,179.55
2024-02-03,10137,Informática,Mouse Gamer,Sudeste,Site,2,159.0,318.0
2024-02-03,10138,Casa,Aspirador Robô,Sudeste,App,2,1299.0,2598.0
2024-02-03,10139,Esporte,Esteira,Centro-Oeste,App,1,2799.0,2799.0
2024-02-03,10140,Moda,Tênis Esportivo,Nordeste,Site,1,399.0,399.0
2024-02-03,10141,Moda,Mochila,Sudeste,Loja Física,1,179.0,179.0
2024-02-03,10142,Esporte,Esteira,Centro-Oeste,Loja Física,2,2799.0,5598.0
2024-02-03,10143,Casa,Aspirador Robô,Sudeste,App,1,1299.0,1299.0
2024-02-03,10144,Moda,Tênis Esportivo,Centro-Oeste,Site,1,379.05,379.05
2024-02-04,10145,Casa,Cafeteira,Sul,App,3,274.55,823.65
2024-02-04,10146,Moda,Mochila,Sul,Site,3,179.0,537.0
2024-02-04,10147,Eletrônicos,Smartwatch,Sudeste,Loja Física,2,899.0,1798.0
2024-02-04,10148,Casa,Aspirador Robô,Sudeste,Loja Física,2,1234.05,2468.1
2024-02-04,10149,Informática,Mouse Gamer,Centro-Oeste,Site,3,143.1,429.3
2024-02-05,10150,Eletrônicos,Notebook,Centro-Oeste,App,1,3599.1,3599.1
2024-02-05,10151,Casa,Air Fryer,Sudeste,Loja Física,1,436.05,436.05
2024-02-05,10152,Informática,SSD 1TB,Centro-Oeste,Site,2,407.55,815.1
2024-02-05,10153,Moda,Jaqueta,Sudeste,App,2,259.0,518.0
2024-02-05,10154,Moda,Mochila,Sudeste,Site,3,179.0,537.0
2024-02-05,10155,Informática,Teclado Mecânico,Nordeste,Site,3,349.0,1047.0
2024-02-05,10156,Eletrônicos,Smartphone,Sudeste,App,3,1899.0,5697.0
2024-02-05,10157,Casa,Liquidificador,Sudeste,App,2,199.0,398.0
2024-02-06,10158,Informática,Mouse Gamer,Nordeste,App,2,135.15,270.3
2024-02-06,10159,Esporte,Bicicleta,Nordeste,Loja Física,1,1599.0,1599.0
2024-02-07,10160,Informática,SSD 1TB,Sudeste,Loja Física,1,429.0,429.0
2024-02-07,10161,Moda,Mochila,Sudeste,Site,2,179.0,358.0
2024-02-07,10162,Casa,Air Fryer,Nordeste,Site,3,459.0,1377.0
2024-02-07,10163,Esporte,Halteres 10kg,Nordeste,Site,3,179.55,538.65
2024-02-07,10164,Casa,Aspirador Robô,Centro-Oeste,Site,3,1299.0,3897.0
2024-02-08,10165,Eletrônicos,Notebook,Centro-Oeste,Loja Física,1,3799.05,3799.05
2024-02-08,10166,Informática,"Monitor 24""",Sudeste,Site,2,999.0,1998.0
2024-02-08,10167,Informática,Mouse Gamer,Nordeste,App,1,143.1,143.1
2024-02-09,10168,Esporte,Halteres 10kg,Sul,Loja Física,1,160.65,160.65
2024-02-09,10169,Eletrônicos,Smartphone,Sudeste,Site,2,1899.0,3798.0
2024-02-09,10170,Casa,Cafeteira,Sudeste,App,1,260.1,260.1
2024-02-09,10171,Eletrônicos,Notebook,Sudeste,Loja Física,3,3999.0,11997.0
2024-02-10,10172,Casa,Aspirador Robô,Nordeste,App,1,1299.0,1299.0
2024-02-10,10173,Eletrônicos,Smartwatch,Norte,Site,2,899.0,1798.0
2024-02-10,10174,Moda,Jaqueta,Norte,Site,2,259.0,518.0
2024-02-10,10175,Esporte,Bicicleta,Sudeste,App,2,1599.0,3198.0
2024-02-10,10176,Casa,Cafeteira,Sudeste,App,2,260.1,520.2
2024-02-11,10177,Eletrônicos,Fone Bluetooth,Sul,Loja Física,3,249.0,747.0
2024-02-11,10178,Esporte,Esteira,Sul,App,3,2379.15,7137.45
2024-02-11,10179,Eletrônicos,Notebook,Nordeste,Site,2,3999.0,7998.0
2024-02-11,10180,Esporte,Tapete Yoga,Sul,Loja Física,2,94.05,188.1
2024-02-11,10181,Informática,Teclado Mecânico,Sudeste,Site,1,349.0,349.0
2024-02-11,10182,Moda,Jaqueta,Nordeste,App,1,259.0,259.0
2024-02-12,10183,Esporte,Halteres 10kg,Centro-Oeste,Site,3,179.55,538.65
2024-02-13,10184,Eletrônicos,Notebook,Centro-Oeste,Site,1,3799.05,3799.05
2024-02-13,10185,Esporte,Esteira,Nordeste,Site,2,2379.15,4758.3
2024-02-13,10186,Moda,Jaqueta,Norte,Site,2,259.0,518.0
2024-02-14,10187,Casa,Cafeteira,Sul,Loja Física,3,274.55,823.65
2024-02-15,10188,Esporte,Tapete Yoga,Norte,Loja Física,1,89.1,89.1
2024-02-15,10189,Esporte,Tapete Yoga,Nordeste,App,1,94.05,94.05
2024-02-15,10190,Moda,Mochila,Nordeste,Site,2,179.0,358.0
2024-02-15,10191,Informática,Teclado Mecânico,Sudeste,Loja Física,2,349.0,698.0
2024-02-15,10192,Casa,Cafeteira,Sudeste,Site,3,289.0,867.0
2024-02-16,10193,Eletrônicos,Notebook,Sudeste,Site,2,3999.0,7998.0
2024-02-16,10194,Esporte,Halteres 10kg,Norte,Site,2,170.1,340.2
2024-02-16,10195,Esporte,Bicicleta,Centro-Oeste,App,2,1599.0,3198.0
2024-02-16,10196,Moda,Jaqueta,Sudeste,Site,1,233.1,233.1
2024-02-17,10197,Moda,Mochila,Sul,Site,1,179.0,179.0
2024-02-17,10198,Esporte,Bicicleta,Sudeste,App,1,1519.05,1519.05
2024-02-17,10199,Moda,Relógio,Sudeste,App,3,329.0,987.0
2024-02-17,10200,Esporte,Esteira,Centro-Oeste,Site,3,2799.0,8397.0
2024-02-17,10201,Casa,Liquidificador,Sul,Site,3,199.0,597.0
2024-02-17,10202,Eletrônicos,Fone Bluetooth,Sul,App,1,249.0,249.0
2024-02-17,10203,Eletrônicos,Smartphone,Sudeste,Site,2,1709.1,3418.2
2024-02-18,10204,Moda,Mochila,Nordeste,App,3,179.0,537.0
2024-02-18,10205,Casa,Liquidificador,Sudeste,Site,3,199.0,597.0
2024-02-18,10206,Casa,Aspirador Robô,Sudeste,Site,3,1299.0,3897.0
2024-02-18,10207,Eletrônicos,Smartphone,Norte,Site,1,1899.0,1899.0
2024-02-18,10208,Esporte,Tapete Yoga,Sudeste,Loja Física,2,99.0,198.0
2024-02-19,10209,Informática,"Monitor 24""",Centro-Oeste,App,1,999.0,999.0
2024-02-19,10210,Casa,Cafeteira,Nordeste,App,1,289.0,289.0
2024-02-19,10211,Moda,Jaqueta,Centro-Oeste,App,1,246.05,246.05
2024-02-19,10212,Casa,Air Fryer,Sul,Site,2,459.0,918.0
2024-02-19,10213,Casa,Aspirador Robô,Sudeste,Site,2,1299.0,2598.0
2024-02-20,10214,Moda,Jaqueta,Sudeste,App,1,259.0,259.0
2024-02-20,10215,Eletrônicos,Smartphone,Sul,Site,3,1899.0,5697.0
2024-02-20,10216,Eletrônicos,Smartphone,Sudeste,Site,1,1709.1,1709.1
2024-02-20,10217,Informática,Mouse Gamer,Nordeste,Site,2,159.0,318.0
2024-02-20,10218,Informática,SSD 1TB,Sudeste,Site,3,386.1,1158.3
2024-02-20,10219,Eletrônicos,Smartphone,Centro-Oeste,App,2,1899.0,3798.0
2024-02-20,10220,Moda,Tênis Esportivo,Norte,Site,3,399.0,1197.0
2024-02-21,10221,Esporte,Tapete Yoga,Norte,Site,1,99.0,99.0
2024-02-21,10222,Casa,Liquidificador,Sudeste,Site,2,199.0,398.0
2024-02-21,10223,Informática,Mouse Gamer,Sul,Site,3,143.1,429.3
2024-02-21,10224,Eletrônicos,Fone Bluetooth,Nordeste,Loja Física,2,249.0,498.0
2024-02-21,10225,Esporte,Tapete Yoga,Sul,App,3,99.0,297.0
2024-02-22,10226,Informática,"Monitor 24""",Nordeste,Site,1,999.0,999.0
2024-02-22,10227,Esporte,Bicicleta,Sudeste,Loja Física,3,1519.05,4557.15
2024-02-22,10228,Casa,Liquidificador,Nordeste,Site,3,199.0,597.0
2024-02-22,10229,Moda,Relógio,Sul,Site,3,296.1,888.3
2024-02-22,10230,Informática,"Monitor 24""",Sul,Site,1,949.05,949.05
2024-02-23,10231,Casa,Liquidificador,Sudeste,App,3,179.1,537.3
2024-02-23,10232,Informática,Mouse Gamer,Nordeste,App,1,159.0,159.0
2024-02-23,10233,Informática,"Monitor 24""",Centro-Oeste,Site,1,849.15,849.15
2024-02-23,10234,Esporte,Tapete Yoga,Sudeste,Site,2,89.1,178.2
2024-02-24,10235,Eletrônicos,Smartphone,Sudeste,Site,3,1709.1,5127.3
2024-02-24,10236,Moda,Mochila,Sul,App,3,179.0,537.0
2024-02-24,10237,Casa,Aspirador Robô,Sudeste,App,2,1234.05,2468.1
2024-02-24,10238,Eletrônicos,Smartphone,Sul,Site,1,1899.0,1899.0
2024-02-24,10239,Casa,Air Fryer,Sudeste,Loja Física,2,459.0,918.0
2024-02-24,10240,Eletrônicos,Smartphone,Norte,Site,2,1709.1,3418.2
2024-02-24,10241,Casa,Aspirador Robô,Sul,Site,3,1234.05,3702.15
2024-02-25,10242,Esporte,Esteira,Sudeste,Loja Física,1,2659.05,2659.05
2024-02-25,10243,Informática,Mouse Gamer,Sudeste,Site,1,143.1,143.1
2024-02-25,10244,Esporte,Bicicleta,Sul,Loja Física,3,1599.0,4797.0
2024-02-26,10245,Eletrônicos,Smartwatch,Sudeste,Loja Física,1,899.0,899.0
2024-02-26,10246,Informática,Mouse Gamer,Nordeste,Loja Física,1,143.1,143.1
2024-02-26,10247,Eletrônicos,Smartwatch,Sudeste,App,2,809.1,1618.2
2024-02-27,10248,Esporte,Halteres 10kg,Sudeste,Site,2,189.0,378.0
2024-02-27,10249,Casa,Liquidificador,Nordeste,Site,3,179.1,537.3
2024-02-27,10250,Casa,Cafeteira,Norte,Site,1,289.0,289.0
2024-02-27,10251,Informática,"Monitor 24""",Sudeste,Site,2,849.15,1698.3
2024-02-27,10252,Esporte,Halteres 10kg,Sudeste,App,1,189.0,189.0
2024-02-27,10253,Informática,SSD 1TB,Sudeste,Loja Física,1,407.55,407.55
2024-02-27,10254,Casa,Liquidificador,Norte,Site,2,179.1,358.2
2024-02-28,10255,Moda,Relógio,Sul,Site,3,312.55,937.65
2024-02-28,10256,Informática,"Monitor 24""",Nordeste,Site,1,949.05,949.05
2024-02-29,10257,Esporte,Bicicleta,Sul,Site,2,1599.0,3198.0
2024-02-29,10258,Casa,Cafeteira,Sul,Site,3,289.0,867.0
2024-02-29,10259,Esporte,Bicicleta,Nordeste,Site,3,1599.0,4797.0
2024-02-29,10260,Casa,Aspirador Robô,Centro-Oeste,App,3,1299.0,3897.0
2024-03-01,10261,Casa,Aspirador Robô,Sudeste,App,1,1234.05,1234.05
2024-03-01,10262,Esporte,Tapete Yoga,Sudeste,Site,3,84.15,252.45
2024-03-01,10263,Moda,Relógio,Sul,Site,2,312.55,625.1
2024-03-01,10264,Casa,Aspirador Robô,Sudeste,App,3,1299.0,3897.0
2024-03-02,10265,Informática,Mouse Gamer,Centro-Oeste,App,2,159.0,318.0
2024-03-02,10266,Informática,Mouse Gamer,Sudeste,App,3,159.0,477.0
2024-03-02,10267,Esporte,Bicicleta,Sudeste,App,2,1599.0,3198.0
2024-03-02,10268,Informática,SSD 1TB,Sul,App,3,429.0,1287.0
2024-03-02,10269,Casa,Aspirador Robô,Centro-Oeste,Site,1,1299.0,1299.0
2024-03-03,10270,Esporte,Esteira,Sudeste,Site,1,2659.05,2659.05
2024-03-03,10271,Informática,Mouse Gamer,Sudeste,Site,1,159.0,159.0
2024-03-03,10272,Casa,Aspirador Robô,Sul,App,3,1169.1,3507.3
2024-03-04,10273,Moda,Tênis Esportivo,Sudeste,App,2,399.0,798.0
2024-03-04,10274,Casa,Liquidificador,Sudeste,Site,2,179.1,358.2
2024-03-04,10275,Eletrônicos,Smartwatch,Centro-Oeste,Loja Física,1,764.15,764.15
2024-03-04,10276,Esporte,Bicicleta,Sudeste,App,1,1599.0,1599.0
2024-03-04,10277,Moda,Relógio,Sudeste,Site,2,329.0,658.0
2024-03-04,10278,Informática,Mouse Gamer,Norte,Site,1,159.0,159.0
2024-03-04,10279,Eletrônicos,Smartwatch,Sudeste,Loja Física,1,899.0,899.0
2024-03-05,10280,Moda,Relógio,Sudeste,Site,1,279.65,279.65
2024-03-05,10281,Esporte,Halteres 10kg,Nordeste,Site,3,179.55,538.65
2024-03-05,10282,Informática,"Monitor 24""",Sudeste,App,3,999.0,2997.0
2024-03-05,10283,Informática,SSD 1TB,Sul,Loja Física,3,429.0,1287.0
2024-03-05,10284,Eletrônicos,Smartwatch,Nordeste,Site,1,899.0,899.0
2024-03-06,10285,Casa,Cafeteira,Nordeste,Loja Física,3,274.55,823.65
2024-03-06,10286,Esporte,Bicicleta,Norte,Site,2,1599.0,3198.0
2024-03-07,10287,Eletrônicos,Smartphone,Nordeste,Loja Física,2,1899.0,3798.0
2024-03-07,10288,Casa,Aspirador Robô,Sudeste,Site,3,1299.0,3897.0
2024-03-07,10289,Informática,Mouse Gamer,Sudeste,Loja Física,1,159.0,159.0
2024-03-07,10290,Esporte,Esteira,Sudeste,App,2,2799.0,5598.0
2024-03-08,10291,Esporte,Tapete Yoga,Nordeste,Site,2,94.05,188.1
2024-03-08,10292,Informática,Mouse Gamer,Nordeste,Site,3,143.1,429.3
2024-03-08,10293,Eletrônicos,Smartwatch,Centro-Oeste,App,1,854.05,854.05
2024-03-08,10294,Casa,Aspirador Robô,Sudeste,App,1,1299.0,1299.0
2024-03-08,10295,Moda,Mochila,Nordeste,Loja Física,2,179.0,358.0
2024-03-08,10296,Casa,Liquidificador,Nordeste,App,1,189.05,189.05
2024-03-09,10297,Eletrônicos,Smartwatch,Centro-Oeste,Site,1,899.0,899.0
2024-03-09,10298,Eletrônicos,Fone Bluetooth,Norte,Loja Física,3,249.0,747.0
2024-03-09,10299,Moda,Jaqueta,Nordeste,App,1,259.0,259.0
2024-03-09,10300,Moda,Relógio,Sudeste,App,3,329.0,987.0
2024-03-09,10301,Informática,"Monitor 24""",Sudeste,Loja Física,2,999.0,1998.0
2024-03-09,10302,Casa,Liquidificador,Norte,Site,1,199.0,199.0
2024-03-09,10303,Informática,"Monitor 24""",Nordeste,Loja Física,2,899.1,1798.2
2024-03-09,10304,Informática,Teclado Mecânico,Nordeste,Site,1,349.0,349.0
2024-03-10,10305,Informática,SSD 1TB,Nordeste,App,2,407.55,815.1
2024-03-11,10306,Moda,Relógio,Norte,Loja Física,2,329.0,658.0
2024-03-11,10307,Moda,Relógio,Sudeste,Site,3,329.0,987.0
2024-03-11,10308,Informática,Mouse Gamer,Norte,Site,1,159.0,159.0
2024-03-11,10309,Eletrônicos,Smartphone,Nordeste,App,2,1899.0,3798.0
2024-03-11,10310,Esporte,Halteres 10kg,Sul,App,3,179.55,538.65
2024-03-11,10311,Casa,Cafeteira,Sudeste,App,3,289.0,867.0
2024-03-12,10312,Informática,SSD 1TB,Nordeste,Loja Física,3,429.0,1287.0
2024-03-12,10313,Esporte,Bicicleta,Sudeste,App,3,1599.0,4797.0
2024-03-13,10314,Moda,Jaqueta,Sudeste,App,2,246.05,492.1
2024-03-13,10315,Moda,Mochila,Sul,Site,2,179.0,358.0
2024-03-13,10316,Moda,Jaqueta,Sul,App,1,259.0,259.0
2024-03-13,10317,Moda,Tênis Esportivo,Nordeste,App,3,399.0,1197.0
2024-03-13,10318,Esporte,Esteira,Norte,App,2,2659.05,5318.1
2024-03-14,10319,Casa,Aspirador Robô,Sul,App,3,1169.1,3507.3
2024-03-14,10320,Casa,Liquidificador,Sudeste,Site,3,199.0,597.0
2024-03-14,10321,Eletrônicos,Smartphone,Nordeste,App,2,1899.0,3798.0
2024-03-15,10322,Eletrônicos,Smartphone,Nordeste,Site,3,1899.0,5697.0
2024-03-15,10323,Informática,"Monitor 24""",Sudeste,Loja Física,1,949.05,949.05
2024-03-16,10324,Casa,Aspirador Robô,Norte,Loja Física,1,1299.0,1299.0
2024-03-16,10325,Eletrônicos,Fone Bluetooth,Norte,Site,2,224.1,448.2
2024-03-16,10326,Moda,Jaqueta,Sudeste,Site,2,233.1,466.2
2024-03-16,10327,Informática,SSD 1TB,Nordeste,Site,2,386.1,772.2
2024-03-16,10328,Esporte,Bicicleta,Sul,App,1,1599.0,1599.0
2024-03-16,10329,Casa,Aspirador Robô,Sudeste,Site,2,1234.05,2468.1
2024-03-17,10330,Casa,Air Fryer,Sul,Site,1,436.05,436.05
2024-03-17,10331,Esporte,Halteres 10kg,Sudeste,Site,1,179.55,179.55
2024-03-17,10332,Eletrônicos,Smartphone,Sudeste,Loja Física,1,1899.0,1899.0
2024-03-18,10333,Casa,Liquidificador,Sudeste,Loja Física,2,199.0,398.0
2024-03-18,10334,Esporte,Halteres 10kg,Sudeste,App,2,189.0,378.0
2024-03-18,10335,Eletrônicos,Fone Bluetooth,Sul,Site,1,211.65,211.65
2024-03-18,10336,Casa,Liquidificador,Sudeste,Site,2,199.0,398.0
2024-03-19,10337,Informática,Teclado Mecânico,Nordeste,Loja Física,2,331.55,663.1
2024-03-19,10338,Moda,Tênis Esportivo,Sul,App,3,399.0,1197.0
2024-03-20,10339,Esporte,Bicicleta,Sudeste,Loja Física,2,1599.0,3198.0
2024-03-21,10340,Casa,Cafeteira,Sudeste,App,3,245.65,736.95
2024-03-21,10341,Moda,Relógio,Sul,Site,1,279.65,279.65
2024-03-21,10342,Esporte,Bicicleta,Nordeste,Site,3,1519.05,4557.15
2024-03-22,10343,Moda,Mochila,Sul,Site,1,179.0,179.0
2024-03-22,10344,Esporte,Tapete Yoga,Sudeste,Site,3,94.05,282.15
2024-03-22,10345,Informática,Mouse Gamer,Nordeste,Site,3,143.1,429.3
2024-03-23,10346,Casa,Air Fryer,Sudeste,Site,3,390.15,1170.45
2024-03-23,10347,Moda,Mochila,Sul,App,3,179.0,537.0
2024-03-23,10348,Informática,Mouse Gamer,Centro-Oeste,App,1,159.0,159.0
2024-03-23,10349,Informática,SSD 1TB,Nordeste,Site,1,364.65,364.65
2024-03-23,10350,Casa,Cafeteira,Sudeste,Site,3,289.0,867.0
2024-03-23,10351,Eletrônicos,Fone Bluetooth,Sudeste,Site,1,249.0,249.0
2024-03-24,10352,Eletrônicos,Fone Bluetooth,Nordeste,Site,2,249.0,498.0
2024-03-24,10353,Casa,Air Fryer,Sudeste,Loja Física,2,459.0,918.0
2024-03-24,10354,Informática,Mouse Gamer,Sul,Site,2,159.0,318.0
2024-03-25,10355,Eletrônicos,Smartwatch,Nordeste,App,3,899.0,2697.0
2024-03-25,10356,Esporte,Tapete Yoga,Nordeste,Loja Física,1,94.05,94.05
2024-03-25,10357,Esporte,Tapete Yoga,Sul,Site,3,99.0,297.0
2024-03-26,10358,Eletrônicos,Smartphone,Sudeste,App,2,1709.1,3418.2
2024-03-26,10359,Eletrônicos,Smartwatch,Sudeste,Loja Física,1,899.0,899.0
2024-03-27,10360,Casa,Aspirador Robô,Sul,Loja Física,2,1169.1,2338.2
2024-03-27,10361,Esporte,Halteres 10kg,Sul,Site,3,170.1,510.3
2024-03-28,10362,Casa,Air Fryer,Sudeste,App,1,459.0,459.0
2024-03-28,10363,Casa,Air Fryer,Sudeste,Site,2,459.0,918.0
2024-03-28,10364,Moda,Jaqueta,Sudeste,Loja Física,3,259.0,777.0
2024-03-28,10365,Eletrônicos,Fone Bluetooth,Sudeste,Site,1,224.1,224.1
2024-03-28,10366,Informática,"Monitor 24""",Sudeste,App,2,999.0,1998.0
2024-03-29,10367,Casa,Air Fryer,Sudeste,App,1,459.0,459.0
2024-03-29,10368,Casa,Cafeteira,Sudeste,Site,1,260.1,260.1
2024-03-29,10369,Esporte,Bicicleta,Sudeste,Site,3,1599.0,4797.0
2024-03-29,10370,Informática,Teclado Mecânico,Sudeste,Site,1,349.0,349.0
2024-03-29,10371,Informática,Teclado Mecânico,Sudeste,App,1,349.0,349.0
2024-03-29,10372,Eletrônicos,Fone Bluetooth,Sul,App,3,224.1,672.3
2024-03-29,10373,Esporte,Halteres 10kg,Centro-Oeste,Loja Física,1,179.55,179.55
2024-03-30,10374,Moda,Relógio,Sudeste,App,3,312.55,937.65
2024-03-30,10375,Eletrônicos,Smartphone,Nordeste,Loja Física,3,1804.05,5412.15
2024-03-30,10376,Moda,Jaqueta,Sudeste,Site,1,259.0,259.0
2024-03-30,10377,Moda,Jaqueta,Sul,Loja Física,2,259.0,518.0
2024-03-30,10378,Informática,Mouse Gamer,Sul,Site,1,143.1,143.1
2024-03-31,10379,Moda,Jaqueta,Centro-Oeste,Site,2,259.0,518.0
2024-03-31,10380,Casa,Aspirador Robô,Norte,Loja Física,3,1234.05,3702.15
2024-03-31,10381,Eletrônicos,Smartphone,Centro-Oeste,App,3,1899.0,5697.0
2024-03-31,10382,Casa,Cafeteira,Sudeste,App,1,260.1,260.1
2024-04-01,10383,Casa,Aspirador Robô,Sudeste,Loja Física,1,1234.05,1234.05
2024-04-01,10384,Informática,Teclado Mecânico,Sudeste,App,3,349.0,1047.0
2024-04-01,10385,Informática,"Monitor 24""",Sudeste,Loja Física,2,999.0,1998.0
2024-04-01,10386,Casa,Liquidificador,Sul,Loja Física,2,179.1,358.2
2024-04-02,10387,Casa,Liquidificador,Sudeste,App,2,199.0,398.0
2024-04-03,10388,Esporte,Halteres 10kg,Sudeste,App,3,189.0,567.0
2024-04-03,10389,Eletrônicos,Notebook,Norte,App,2,3999.0,7998.0
2024-04-03,10390,Moda,Jaqueta,Sudeste,Site,3,259.0,777.0
2024-04-04,10391,Casa,Cafeteira,Sudeste,Site,2,289.0,578.0
2024-04-04,10392,Informática,Teclado Mecânico,Sudeste,App,2,349.0,698.0
2024-04-05,10393,Moda,Jaqueta,Sul,Site,3,220.15,660.45
2024-04-05,10394,Moda,Jaqueta,Nordeste,App,2,259.0,518.0
2024-04-05,10395,Eletrônicos,Fone Bluetooth,Nordeste,App,3,236.55,709.65
2024-04-05,10396,Esporte,Esteira,Sudeste,App,3,2519.1,7557.3
2024-04-05,10397,Moda,Tênis Esportivo,Sul,Site,1,379.05,379.05
2024-04-05,10398,Esporte,Tapete Yoga,Sudeste,Site,2,94.05,188.1
2024-04-05,10399,Casa,Liquidificador,Sudeste,Loja Física,3,199.0,597.0
2024-04-06,10400,Moda,Tênis Esportivo,Sudeste,App,3,399.0,1197.0
2024-04-06,10401,Esporte,Tapete Yoga,Sul,Site,1,99.0,99.0
2024-04-06,10402,Moda,Tênis Esportivo,Sul,App,1,399.0,399.0
2024-04-06,10403,Moda,Relógio,Sudeste,Site,2,329.0,658.0
2024-04-07,10404,Esporte,Bicicleta,Centro-Oeste,Site,3,1599.0,4797.0
2024-04-07,10405,Esporte,Bicicleta,Sudeste,Loja Física,1,1599.0,1599.0
2024-04-08,10406,Casa,Liquidificador,Centro-Oeste,Site,2,199.0,398.0
2024-04-08,10407,Moda,Jaqueta,Sudeste,App,1,233.1,233.1
2024-04-08,10408,Moda,Mochila,Sudeste,App,1,179.0,179.0
2024-04-09,10409,Esporte,Tapete Yoga,Sudeste,Site,3,99.0,297.0
2024-04-09,10410,Esporte,Esteira,Sul,Site,3,2799.0,8397.0
2024-04-10,10411,Informática,Teclado Mecânico,Nordeste,Site,1,331.55,331.55
2024-04-10,10412,Esporte,Tapete Yoga,Sul,App,2,99.0,198.0
2024-04-10,10413,Casa,Cafeteira,Sudeste,Site,3,289.0,867.0
2024-04-10,10414,Informática,SSD 1TB,Sudeste,App,3,407.55,1222.65
2024-04-10,10415,Esporte,Tapete Yoga,Sudeste,Site,1,99.0,99.0
2024-04-10,10416,Informática,Teclado Mecânico,Sudeste,App,3,296.65,889.95
2024-04-11,10417,Casa,Air Fryer,Sudeste,Site,1,390.15,390.15
2024-04-11,10418,Casa,Aspirador Robô,Sul,App,1,1299.0,1299.0
2024-04-11,10419,Moda,Relógio,Sudeste,App,2,296.1,592.2
2024-04-12,10420,Esporte,Tapete Yoga,Sudeste,App,2,99.0,198.0
2024-04-12,10421,Eletrônicos,Smartphone,Sudeste,App,3,1899.0,5697.0
2024-04-12,10422,Esporte,Tapete Yoga,Nordeste,Site,1,89.1,89.1
2024-04-12,10423,Eletrônicos,Fone Bluetooth,Centro-Oeste,App,3,236.55,709.65
2024-04-12,10424,Moda,Relógio,Nordeste,Loja Física,2,329.0,658.0
2024-04-12,10425,Eletrônicos,Fone Bluetooth,Nordeste,Loja Física,1,249.0,249.0
2024-04-13,10426,Moda,Jaqueta,Sudeste,Site,2,259.0,518.0
2024-04-13,10427,Esporte,Esteira,Nordeste,App,3,2659.05,7977.15
2024-04-14,10428,Casa,Air Fryer,Centro-Oeste,App,1,459.0,459.0
2024-04-14,10429,Informática,Mouse Gamer,Nordeste,Loja Física,2,159.0,318.0
2024-04-14,10430,Casa,Cafeteira,Sudeste,Site,2,289.0,578.0
2024-04-14,10431,Esporte,Tapete Yoga,Sudeste,Site,1,99.0,99.0
2024-04-15,10432,Moda,Relógio,Sudeste,Site,3,329.0,987.0
2024-04-15,10433,Informática,Teclado Mecânico,Nordeste,Loja Física,1,349.0,349.0
2024-04-16,10434,Esporte,Tapete Yoga,Sul,App,3,89.1,267.3
2024-04-16,10435,Moda,Tênis Esportivo,Sudeste,App,3,399.0,1197.0
2024-04-16,10436,Esporte,Tapete Yoga,Sudeste,Site,3,89.1,267.3
2024-04-16,10437,Casa,Liquidificador,Nordeste,App,2,199.0,398.0
2024-04-17,10438,Esporte,Esteira,Sudeste,Site,1,2519.1,2519.1
2024-04-17,10439,Esporte,Esteira,Sul,Site,3,2799.0,8397.0
2024-04-18,10440,Informática,"Monitor 24""",Norte,App,3,999.0,2997.0
2024-04-18,10441,Eletrônicos,Smartwatch,Sul,App,1,899.0,899.0
2024-04-18,10442,Informática,Mouse Gamer,Sudeste,App,2,159.0,318.0
2024-04-18,10443,Esporte,Halteres 10kg,Sudeste,Site,1,189.0,189.0
2024-04-18,10444,Esporte,Esteira,Nordeste,Loja Física,2,2799.0,5598.0
2024-04-18,10445,Informática,Teclado Mecânico,Sudeste,App,2,349.0,698.0
2024-04-18,10446,Moda,Relógio,Nordeste,App,1,312.55,312.55
2024-04-18,10447,Informática,"Monitor 24""",Sudeste,Site,3,999.0,2997.0
2024-04-19,10448,Moda,Mochila,Centro-Oeste,App,2,170.05,340.1
2024-04-19,10449,Eletrônicos,Fone Bluetooth,Sudeste,Loja Física,1,224.1,224.1
2024-04-20,10450,Moda,Mochila,Sul,Site,1,179.0,179.0
2024-04-20,10451,Informática,Mouse Gamer,Nordeste,Loja Física,1,159.0,159.0
2024-04-21,10452,Casa,Cafeteira,Norte,Site,2,260.1,520.2
2024-04-21,10453,Esporte,Esteira,Sudeste,Site,2,2659.05,5318.1
2024-04-21,10454,Casa,Cafeteira,Nordeste,Site,2,289.0,578.0
2024-04-21,10455,Informática,SSD 1TB,Nordeste,Site,3,429.0,1287.0
2024-04-22,10456,Esporte,Esteira,Sul,App,3,2799.0,8397.0
2024-04-22,10457,Informática,Teclado Mecânico,Sudeste,App,1,349.0,349.0
2024-04-22,10458,Informática,SSD 1TB,Sul,Site,3,407.55,1222.65
2024-04-22,10459,Informática,Teclado Mecânico,Sudeste,App,2,314.1,628.2
2024-04-22,10460,Informática,SSD 1TB,Centro-Oeste,Site,3,429.0,1287.0
2024-04-22,10461,Esporte,Tapete Yoga,Nordeste,Loja Física,2,94.05,188.1
2024-04-22,10462,Moda,Tênis Esportivo,Centro-Oeste,App,3,399.0,1197.0
2024-04-23,10463,Moda,Tênis Esportivo,Sudeste,Site,1,399.0,399.0
2024-04-23,10464,Esporte,Bicicleta,Centro-Oeste,Site,2,1439.1,2878.2
2024-04-23,10465,Moda,Mochila,Sul,Site,2,170.05,340.1
2024-04-23,10466,Casa,Cafeteira,Sul,App,2,289.0,578.0
2024-04-24,10467,Moda,Jaqueta,Nordeste,Site,3,259.0,777.0
2024-04-24,10468,Moda,Jaqueta,Sudeste,Loja Física,2,233.1,466.2
2024-04-24,10469,Informática,SSD 1TB,Centro-Oeste,Site,2,429.0,858.0
2024-04-24,10470,Esporte,Tapete Yoga,Nordeste,App,2,89.1,178.2
2024-04-24,10471,Eletrônicos,Notebook,Sul,Loja Física,3,3799.05,11397.15
2024-04-24,10472,Esporte,Halteres 10kg,Nordeste,Loja Física,1,189.0,189.0
2024-04-25,10473,Eletrônicos,Smartwatch,Norte,Site,3,899.0,2697.0
2024-04-25,10474,Informática,Teclado Mecânico,Centro-Oeste,Site,2,349.0,698.0
2024-04-26,10475,Eletrônicos,Notebook,Sudeste,App,2,3999.0,7998.0
2024-04-26,10476,Esporte,Bicicleta,Sul,Site,2,1599.0,3198.0
2024-04-26,10477,Eletrônicos,Fone Bluetooth,Sudeste,Loja Física,1,249.0,249.0
2024-04-26,10478,Moda,Mochila,Sudeste,App,1,170.05,170.05
2024-04-27,10479,Esporte,Bicicleta,Sudeste,Loja Física,1,1439.1,1439.1
2024-04-27,10480,Moda,Jaqueta,Nordeste,App,3,233.1,699.3
2024-04-27,10481,Casa,Aspirador Robô,Sudeste,Site,2,1169.1,2338.2
2024-04-28,10482,Moda,Relógio,Nordeste,Loja Física,3,329.0,987.0
2024-04-28,10483,Eletrônicos,Smartphone,Nordeste,App,1,1899.0,1899.0
2024-04-28,10484,Moda,Tênis Esportivo,Sudeste,Site,1,399.0,399.0
2024-04-28,10485,Eletrônicos,Fone Bluetooth,Nordeste,App,1,249.0,249.0
2024-04-29,10486,Informática,Teclado Mecânico,Centro-Oeste,App,3,296.65,889.95
2024-04-29,10487,Casa,Aspirador Robô,Nordeste,Loja Física,3,1234.05,3702.15
2024-04-29,10488,Informática,Mouse Gamer,Sul,Site,2,159.0,318.0
2024-04-29,10489,Informática,Mouse Gamer,Sudeste,Site,2,151.05,302.1
2024-04-30,10490,Informática,Teclado Mecânico,Sudeste,App,1,349.0,349.0
2024-04-30,10491,Informática,Teclado Mecânico,Nordeste,Site,1,349.0,349.0
2024-04-30,10492,Esporte,Tapete Yoga,Nordeste,App,3,84.15,252.45
2024-05-01,10493,Informática,SSD 1TB,Nordeste,Site,3,407.55,1222.65
2024-05-01,10494,Moda,Mochila,Nordeste,Site,2,179.0,358.0
2024-05-01,10495,Casa,Cafeteira,Sul,Site,3,289.0,867.0
2024-05-01,10496,Informática,"Monitor 24""",Sudeste,Site,1,949.05,949.05
2024-05-01,10497,Informática,Teclado Mecânico,Nordeste,Loja Física,1,349.0,349.0
2024-05-02,10498,Esporte,Esteira,Sudeste,Site,1,2799.0,2799.0
2024-05-02,10499,Moda,Mochila,Nordeste,App,1,179.0,179.0
2024-05-02,10500,Esporte,Bicicleta,Sudeste,Site,1,1599.0,1599.0
2024-05-02,10501,Eletrônicos,Notebook,Sudeste,Site,1,3999.0,3999.0
2024-05-02,10502,Casa,Air Fryer,Sudeste,App,1,459.0,459.0
2024-05-02,10503,Informática,Mouse Gamer,Sudeste,Site,2,143.1,286.2
2024-05-03,10504,Eletrônicos,Notebook,Nordeste,Site,3,3999.0,11997.0
2024-05-03,10505,Eletrônicos,Notebook,Norte,Site,2,3999.0,7998.0
2024-05-03,10506,Esporte,Esteira,Sudeste,Loja Física,2,2379.15,4758.3
2024-05-03,10507,Informática,"Monitor 24""",Sul,App,2,999.0,1998.0
2024-05-03,10508,Moda,Tênis Esportivo,Sudeste,Loja Física,2,399.0,798.0
2024-05-04,10509,Esporte,Bicicleta,Sul,App,1,1599.0,1599.0
2024-05-04,10510,Moda,Jaqueta,Nordeste,App,2,259.0,518.0
2024-05-04,10511,Casa,Air Fryer,Nordeste,App,3,413.1,1239.3
2024-05-05,10512,Casa,Aspirador Robô,Sudeste,Loja Física,1,1104.15,1104.15
2024-05-05,10513,Esporte,Bicicleta,Sudeste,App,2,1599.0,3198.0
2024-05-06,10514,Informática,Mouse Gamer,Sudeste,Site,2,159.0,318.0
2024-05-06,10515,Moda,Relógio,Sudeste,App,1,279.65,279.65
2024-05-06,10516,Moda,Tênis Esportivo,Sudeste,Site,1,399.0,399.0
2024-05-06,10517,Eletrônicos,Fone Bluetooth,Nordeste,Site,3,249.0,747.0
2024-05-06,10518,Eletrônicos,Notebook,Centro-Oeste,App,3,3999.0,11997.0
2024-05-06,10519,Moda,Mochila,Nordeste,Site,1,161.1,161.1
2024-05-07,10520,Moda,Mochila,Sul,Site,1,179.0,179.0
2024-05-07,10521,Informática,"Monitor 24""",Sudeste,App,2,899.1,1798.2
2024-05-08,10522,Moda,Mochila,Sudeste,App,3,179.0,537.0
2024-05-08,10523,Eletrônicos,Smartphone,Sudeste,Site,2,1899.0,3798.0
2024-05-08,10524,Moda,Relógio,Centro-Oeste,App,3,329.0,987.0
2024-05-08,10525,Casa,Aspirador Robô,Norte,Site,2,1234.05,2468.1
2024-05-08,10526,Informática,"Monitor 24""",Sudeste,App,1,999.0,999.0
2024-05-09,10527,Esporte,Tapete Yoga,Nordeste,Site,1,99.0,99.0
2024-05-09,10528,Moda,Jaqueta,Norte,App,1,259.0,259.0
2024-05-09,10529,Moda,Mochila,Nordeste,Site,3,179.0,537.0
2024-05-09,10530,Eletrônicos,Smartphone,Sul,App,3,1804.05,5412.15
2024-05-10,10531,Esporte,Esteira,Sul,App,1,2659.05,2659.05
2024-05-10,10532,Moda,Tênis Esportivo,Sudeste,App,1,399.0,399.0
2024-05-10,10533,Esporte,Halteres 10kg,Sudeste,Site,1,170.1,170.1
2024-05-10,10534,Informática,SSD 1TB,Nordeste,Site,2,429.0,858.0
2024-05-10,10535,Informática,Mouse Gamer,Nordeste,Loja Física,2,143.1,286.2
2024-05-10,10536,Esporte,Bicicleta,Nordeste,App,3,1599.0,4797.0
2024-05-11,10537,Informática,"Monitor 24""",Sudeste,Site,1,949.05,949.05
2024-05-11,10538,Moda,Jaqueta,Centro-Oeste,Loja Física,2,259.0,518.0
2024-05-12,10539,Informática,Teclado Mecânico,Norte,Site,2,349.0,698.0
2024-05-12,10540,Informática,Mouse Gamer,Nordeste,App,3,151.05,453.15
2024-05-12,10541,Casa,Cafeteira,Norte,Site,3,289.0,867.0
2024-05-12,10542,Moda,Mochila,Nordeste,App,1,170.05,170.05
2024-05-12,10543,Casa,Aspirador Robô,Sudeste,Site,1,1234.05,1234.05
2024-05-13,10544,Eletrônicos,Smartphone,Sul,Site,1,1899.0,1899.0
2024-05-13,10545,Moda,Mochila,Centro-Oeste,Site,3,179.0,537.0
2024-05-13,10546,Esporte,Esteira,Nordeste,Loja Física,1,2659.05,2659.05
2024-05-14,10547,Casa,Air Fryer,Centro-Oeste,App,2,459.0,918.0
2024-05-14,10548,Esporte,Bicicleta,Centro-Oeste,Site,3,1519.05,4557.15
2024-05-14,10549,Informática,Mouse Gamer,Sudeste,Site,1,159.0,159.0
2024-05-15,10550,Casa,Liquidificador,Norte,Loja Física,3,199.0,597.0
2024-05-15,10551,Esporte,Bicicleta,Nordeste,Site,1,1519.05,1519.05
2024-05-16,10552,Moda,Tênis Esportivo,Nordeste,Site,3,339.15,1017.45
2024-05-16,10553,Eletrônicos,Smartwatch,Sul,Loja Física,3,899.0,2697.0
2024-05-16,10554,Informática,SSD 1TB,Sudeste,Site,1,429.0,429.0
2024-05-16,10555,Esporte,Bicicleta,Sudeste,Site,3,1439.1,4317.3
2024-05-17,10556,Moda,Tênis Esportivo,Nordeste,Site,2,379.05,758.1
2024-05-18,10557,Casa,Liquidificador,Centro-Oeste,App,2,179.1,358.2
2024-05-18,10558,Moda,Mochila,Sudeste,Site,3,179.0,537.0
2024-05-19,10559,Eletrônicos,Fone Bluetooth,Sudeste,App,3,249.0,747.0
2024-05-19,10560,Moda,Jaqueta,Sudeste,Site,2,259.0,518.0
2024-05-20,10561,Informática,"Monitor 24""",Sudeste,App,2,999.0,1998.0
2024-05-20,10562,Casa,Cafeteira,Sudeste,Loja Física,1,289.0,289.0
2024-05-20,10563,Informática,Teclado Mecânico,Centro-Oeste,App,1,349.0,349.0
2024-05-20,10564,Informática,"Monitor 24""",Sudeste,App,3,999.0,2997.0
2024-05-20,10565,Informática,Teclado Mecânico,Sul,Loja Física,1,314.1,314.1
2024-05-20,10566,Esporte,Esteira,Sul,Site,2,2799.0,5598.0
2024-05-20,10567,Informática,SSD 1TB,Sul,Site,1,429.0,429.0
2024-05-21,10568,Eletrônicos,Smartphone,Sudeste,Site,2,1899.0,3798.0
2024-05-21,10569,Esporte,Tapete Yoga,Norte,App,2,99.0,198.0
2024-05-22,10570,Esporte,Esteira,Sudeste,Site,2,2799.0,5598.0
2024-05-22,10571,Eletrônicos,Smartphone,Sul,Site,3,1804.05,5412.15
2024-05-22,10572,Moda,Tênis Esportivo,Nordeste,App,2,399.0,798.0
2024-05-22,10573,Casa,Cafeteira,Nordeste,App,1,245.65,245.65
2024-05-22,10574,Casa,Liquidificador,Norte,Site,2,199.0,398.0
2024-05-22,10575,Casa,Cafeteira,Sudeste,Site,3,274.55,823.65
2024-05-22,10576,Esporte,Bicicleta,Sudeste,Loja Física,1,1599.0,1599.0
2024-05-23,10577,Eletrônicos,Fone Bluetooth,Sudeste,Site,3,249.0,747.0
2024-05-23,10578,Eletrônicos,Smartwatch,Centro-Oeste,App,2,854.05,1708.1
2024-05-23,10579,Informática,SSD 1TB,Sul,Site,3,386.1,1158.3
2024-05-23,10580,Casa,Air Fryer,Sudeste,Site,3,459.0,1377.0
2024-05-24,10581,Moda,Relógio,Sul,App,2,329.0,658.0
2024-05-24,10582,Eletrônicos,Smartwatch,Nordeste,Site,3,899.0,2697.0
2024-05-24,10583,Esporte,Bicicleta,Sudeste,App,2,1599.0,3198.0
2024-05-24,10584,Eletrônicos,Notebook,Sul,App,2,3999.0,7998.0
2024-05-24,10585,Eletrônicos,Fone Bluetooth,Sul,App,3,249.0,747.0
2024-05-24,10586,Informática,Mouse Gamer,Nordeste,App,1,159.0,159.0
2024-05-25,10587,Esporte,Tapete Yoga,Sul,Site,1,99.0,99.0
2024-05-25,10588,Eletrônicos,Fone Bluetooth,Norte,Site,3,249.0,747.0
2024-05-25,10589,Eletrônicos,Smartwatch,Sudeste,App,2,899.0,1798.0
2024-05-26,10590,Esporte,Bicicleta,Nordeste,Loja Física,3,1599.0,4797.0
2024-05-26,10591,Esporte,Bicicleta,Nordeste,Site,3,1519.05,4557.15
2024-05-26,10592,Eletrônicos,Fone Bluetooth,Centro-Oeste,Loja Física,3,249.0,747.0
2024-05-26,10593,Esporte,Tapete Yoga,Sul,Site,2,99.0,198.0
2024-05-26,10594,Casa,Liquidificador,Sul,Site,2,199.0,398.0
2024-05-27,10595,Eletrônicos,Smartwatch,Nordeste,Site,1,899.0,899.0
2024-05-27,10596,Esporte,Halteres 10kg,Sudeste,Loja Física,1,189.0,189.0
2024-05-27,10597,Moda,Relógio,Sul,Loja Física,2,329.0,658.0
2024-05-27,10598,Esporte,Halteres 10kg,Sul,Site,1,189.0,189.0
2024-05-28,10599,Casa,Aspirador Robô,Sudeste,Site,1,1299.0,1299.0
2024-05-29,10600,Informática,Mouse Gamer,Nordeste,Loja Física,1,135.15,135.15
2024-05-29,10601,Eletrônicos,Smartwatch,Sul,App,1,854.05,854.05
2024-05-29,10602,Eletrônicos,Notebook,Nordeste,App,1,3999.0,3999.0
2024-05-29,10603,Eletrônicos,Fone Bluetooth,Norte,Site,2,249.0,498.0
2024-05-29,10604,Informática,"Monitor 24""",Sudeste,App,2,999.0,1998.0
2024-05-29,10605,Moda,Jaqueta,Norte,App,3,233.1,699.3
2024-05-29,10606,Esporte,Halteres 10kg,Centro-Oeste,App,2,179.55,359.1
2024-05-29,10607,Casa,Aspirador Robô,Nordeste,Site,1,1234.05,1234.05
2024-05-30,10608,Moda,Relógio,Sudeste,Loja Física,3,312.55,937.65
2024-05-30,10609,Informática,"Monitor 24""",Centro-Oeste,Site,3,999.0,2997.0
2024-05-31,10610,Moda,Mochila,Sul,App,2,170.05,340.1
2024-06-01,10611,Eletrônicos,Fone Bluetooth,Centro-Oeste,Site,3,249.0,747.0
2024-06-01,10612,Moda,Mochila,Sul,Site,2,179.0,358.0
2024-06-01,10613,Esporte,Bicicleta,Sudeste,Site,2,1599.0,3198.0
2024-06-01,10614,Esporte,Bicicleta,Nordeste,App,2,1599.0,3198.0
2024-06-01,10615,Moda,Tênis Esportivo,Sudeste,Loja Física,3,399.0,1197.0
2024-06-01,10616,Casa,Aspirador Robô,Sudeste,Site,2,1169.1,2338.2
2024-06-01,10617,Moda,Jaqueta,Sudeste,Loja Física,2,220.15,440.3
2024-06-01,10618,Casa,Cafeteira,Sudeste,App,3,289.0,867.0
2024-06-01,10619,Informática,Teclado Mecânico,Norte,App,1,349.0,349.0
2024-06-01,10620,Moda,Jaqueta,Sul,Loja Física,2,246.05,492.1
2024-06-02,10621,Informática,Teclado Mecânico,Sudeste,Loja Física,3,349.0,1047.0
2024-06-02,10622,Casa,Cafeteira,Sudeste,App,1,274.55,274.55
2024-06-02,10623,Moda,Relógio,Centro-Oeste,Loja Física,2,312.55,625.1
2024-06-02,10624,Casa,Liquidificador,Nordeste,Site,2,199.0,398.0
2024-06-02,10625,Casa,Liquidificador,Sudeste,Site,1,179.1,179.1
2024-06-02,10626,Informática,Teclado Mecânico,Centro-Oeste,Loja Física,3,314.1,942.3
2024-06-02,10627,Informática,Teclado Mecânico,Sul,Site,3,349.0,1047.0
2024-06-02,10628,Informática,Teclado Mecânico,Sudeste,Site,3,349.0,1047.0
2024-06-03,10629,Eletrônicos,Smartwatch,Sudeste,Site,3,854.05,2562.15
2024-06-03,10630,Moda,Relógio,Nordeste,Site,1,279.65,279.65
2024-06-03,10631,Moda,Jaqueta,Sul,Loja Física,1,246.05,246.05
2024-06-03,10632,Esporte,Bicicleta,Sudeste,Site,3,1519.05,4557.15
2024-06-04,10633,Eletrônicos,Smartphone,Sudeste,Site,1,1899.0,1899.0
2024-06-04,10634,Esporte,Bicicleta,Sudeste,App,3,1599.0,4797.0
2024-06-04,10635,Informática,Teclado Mecânico,Centro-Oeste,Site,1,349.0,349.0
2024-06-04,10636,Informática,SSD 1TB,Sudeste,Site,1,429.0,429.0
2024-06-04,10637,Esporte,Bicicleta,Centro-Oeste,Site,2,1599.0,3198.0
2024-06-05,10638,Eletrônicos,Notebook,Sul,Site,1,3999.0,3999.0
2024-06-05,10639,Esporte,Esteira,Nordeste,Loja Física,3,2799.0,8397.0
2024-06-05,10640,Informática,Teclado Mecânico,Sudeste,Site,1,349.0,349.0
2024-06-05,10641,Eletrônicos,Fone Bluetooth,Sul,Site,1,249.0,249.0
2024-06-05,10642,Eletrônicos,Smartwatch,Norte,App,1,899.0,899.0
2024-06-05,10643,Informática,Teclado Mecânico,Sudeste,App,3,331.55,994.65
2024-06-06,10644,Eletrônicos,Notebook,Centro-Oeste,Site,1,3999.0,3999.0
2024-06-06,10645,Casa,Aspirador Robô,Sudeste,Site,3,1299.0,3897.0
2024-06-06,10646,Moda,Tênis Esportivo,Nordeste,Loja Física,3,399.0,1197.0
2024-06-07,10647,Moda,Tênis Esportivo,Norte,Loja Física,2,379.05,758.1
2024-06-07,10648,Moda,Jaqueta,Sudeste,Loja Física,2,259.0,518.0
2024-06-07,10649,Informática,Teclado Mecânico,Sul,Site,2,331.55,663.1
2024-06-07,10650,Moda,Jaqueta,Sul,Site,1,233.1,233.1
2024-06-07,10651,Eletrônicos,Fone Bluetooth,Sudeste,Site,1,224.1,224.1
2024-06-07,10652,Informática,SSD 1TB,Sul,App,1,429.0,429.0
2024-06-07,10653,Moda,Jaqueta,Sudeste,Loja Física,2,259.0,518.0
2024-06-07,10654,Informática,Mouse Gamer,Sudeste,Site,1,135.15,135.15
2024-06-07,10655,Informática,Mouse Gamer,Sul,Site,3,151.05,453.15
2024-06-07,10656,Eletrônicos,Smartphone,Norte,Loja Física,2,1804.05,3608.1
2024-06-07,10657,Casa,Aspirador Robô,Sul,App,2,1234.05,2468.1
2024-06-07,10658,Esporte,Esteira,Norte,Site,1,2659.05,2659.05
2024-06-07,10659,Casa,Liquidificador,Sul,Loja Física,1,199.0,199.0
2024-06-07,10660,Esporte,Bicicleta,Sudeste,App,3,1599.0,4797.0
2024-06-07,10661,Eletrônicos,Smartphone,Sudeste,App,3,1899.0,5697.0
2024-06-08,10662,Informática,Teclado Mecânico,Sudeste,Site,1,349.0,349.0
2024-06-08,10663,Eletrônicos,Smartphone,Norte,App,2,1804.05,3608.1
2024-06-08,10664,Moda,Relógio,Sul,Site,2,329.0,658.0
2024-06-08,10665,Moda,Jaqueta,Sudeste,App,1,259.0,259.0
2024-06-08,10666,Informática,SSD 1TB,Nordeste,App,3,407.55,1222.65
2024-06-09,10667,Eletrônicos,Notebook,Sul,App,3,3799.05,11397.15
2024-06-09,10668,Esporte,Tapete Yoga,Sudeste,Site,2,99.0,198.0
2024-06-09,10669,Moda,Mochila,Sudeste,App,3,170.05,510.15
2024-06-10,10670,Eletrônicos,Fone Bluetooth,Sudeste,Site,2,249.0,498.0
2024-06-10,10671,Casa,Aspirador Robô,Sul,App,1,1169.1,1169.1
2024-06-10,10672,Informática,Teclado Mecânico,Sudeste,App,1,349.0,349.0
2024-06-10,10673,Eletrônicos,Notebook,Sul,Site,1,3999.0,3999.0
2024-06-10,10674,Esporte,Bicicleta,Sudeste,Site,2,1599.0,3198.0
2024-06-10,10675,Eletrônicos,Smartphone,Sudeste,Site,3,1614.15,4842.45
2024-06-10,10676,Eletrônicos,Smartphone,Sudeste,App,3,1899.0,5697.0
2024-06-10,10677,Casa,Liquidificador,Norte,Site,2,199.0,398.0
2024-06-11,10678,Moda,Relógio,Sudeste,Site,3,312.55,937.65
2024-06-11,10679,Esporte,Bicicleta,Centro-Oeste,App,2,1599.0,3198.0
2024-06-11,10680,Eletrônicos,Smartphone,Nordeste,Loja Física,2,1899.0,3798.0
2024-06-11,10681,Casa,Liquidificador,Sul,App,2,179.1,358.2
2024-06-11,10682,Casa,Liquidificador,Sudeste,Site,3,199.0,597.0
2024-06-11,10683,Casa,Aspirador Robô,Sul,Site,3,1234.05,3702.15
2024-06-11,10684,Casa,Liquidificador,Norte,Site,3,199.0,597.0
2024-06-12,10685,Moda,Tênis Esportivo,Sudeste,App,2,399.0,798.0
2024-06-12,10686,Casa,Cafeteira,Sudeste,Site,2,289.0,578.0
2024-06-12,10687,Esporte,Bicicleta,Centro-Oeste,Site,1,1599.0,1599.0
2024-06-12,10688,Moda,Mochila,Sudeste,Site,1,161.1,161.1
2024-06-12,10689,Informática,SSD 1TB,Sudeste,App,2,407.55,815.1
2024-06-12,10690,Esporte,Bicicleta,Sudeste,Site,3,1439.1,4317.3
2024-06-12,10691,Informática,Teclado Mecânico,Sudeste,Site,2,331.55,663.1
2024-06-13,10692,Eletrônicos,Smartphone,Norte,Site,2,1899.0,3798.0
2024-06-13,10693,Esporte,Esteira,Sudeste,Site,3,2799.0,8397.0
2024-06-14,10694,Eletrônicos,Fone Bluetooth,Sudeste,Site,2,249.0,498.0
2024-06-14,10695,Informática,Mouse Gamer,Norte,Loja Física,2,159.0,318.0
2024-06-14,10696,Informática,SSD 1TB,Sudeste,Site,3,429.0,1287.0
2024-06-15,10697,Moda,Tênis Esportivo,Sudeste,App,3,399.0,1197.0
2024-06-16,10698,Casa,Air Fryer,Sudeste,App,2,459.0,918.0
2024-06-16,10699,Informática,Teclado Mecânico,Sudeste,App,3,314.1,942.3
2024-06-16,10700,Eletrônicos,Notebook,Sul,Site,2,3999.0,7998.0
2024-06-16,10701,Informática,"Monitor 24""",Sudeste,Loja Física,3,999.0,2997.0
2024-06-17,10702,Informática,Mouse Gamer,Centro-Oeste,Site,2,159.0,318.0
2024-06-17,10703,Eletrônicos,Smartwatch,Sudeste,Loja Física,3,854.05,2562.15
2024-06-17,10704,Casa,Liquidificador,Sudeste,Site,2,199.0,398.0
2024-06-17,10705,Informática,Teclado Mecânico,Nordeste,App,1,314.1,314.1
2024-06-17,10706,Moda,Jaqueta,Centro-Oeste,Site,2,233.1,466.2
2024-06-17,10707,Informática,SSD 1TB,Norte,App,1,386.1,386.1
2024-06-17,10708,Informática,SSD 1TB,Sudeste,App,1,429.0,429.0
2024-06-17,10709,Moda,Jaqueta,Sudeste,Site,3,233.1,699.3
2024-06-17,10710,Moda,Jaqueta,Sudeste,Site,2,259.0,518.0
2024-06-17,10711,Esporte,Halteres 10kg,Sudeste,App,2,189.0,378.0
2024-06-18,10712,Moda,Tênis Esportivo,Sudeste,Site,2,399.0,798.0
2024-06-18,10713,Moda,Relógio,Sudeste,Site,2,329.0,658.0
2024-06-18,10714,Esporte,Bicicleta,Nordeste,Loja Física,2,1519.05,3038.1
2024-06-18,10715,Casa,Cafeteira,Sudeste,Loja Física,2,289.0,578.0
2024-06-18,10716,Moda,Mochila,Nordeste,Loja Física,1,170.05,170.05
2024-06-18,10717,Casa,Aspirador Robô,Nordeste,App,1,1169.1,1169.1
2024-06-19,10718,Informática,Teclado Mecânico,Sul,App,3,349.0,1047.0
2024-06-19,10719,Casa,Liquidificador,Nordeste,Site,2,189.05,378.1
2024-06-19,10720,Esporte,Bicicleta,Sudeste,App,2,1599.0,3198.0
2024-06-19,10721,Eletrônicos,Smartwatch,Sudeste,App,3,854.05,2562.15
2024-06-19,10722,Moda,Relógio,Sul,Site,1,329.0,329.0
2024-06-19,10723,Eletrônicos,Smartphone,Sudeste,Site,1,1899.0,1899.0
2024-06-19,10724,Moda,Jaqueta,Sul,App,2,259.0,518.0
2024-06-19,10725,Eletrônicos,Smartphone,Sul,Site,2,1899.0,3798.0
2024-06-19,10726,Esporte,Esteira,Centro-Oeste,Site,2,2799.0,5598.0
2024-06-20,10727,Esporte,Halteres 10kg,Norte,App,2,189.0,378.0
2024-06-20,10728,Casa,Cafeteira,Nordeste,App,3,289.0,867.0
2024-06-21,10729,Esporte,Bicicleta,Sudeste,App,1,1599.0,1599.0
2024-06-21,10730,Eletrônicos,Smartwatch,Sudeste,App,2,809.1,1618.2
2024-06-21,10731,Esporte,Bicicleta,Sudeste,Site,1,1599.0,1599.0
2024-06-21,10732,Esporte,Bicicleta,Nordeste,App,3,1599.0,4797.0
2024-06-21,10733,Esporte,Tapete Yoga,Sul,Site,1,99.0,99.0
2024-06-21,10734,Eletrônicos,Smartwatch,Sul,Site,3,899.0,2697.0
2024-06-21,10735,Casa,Aspirador Robô,Sudeste,Loja Física,1,1234.05,1234.05
2024-06-21,10736,Eletrônicos,Notebook,Sudeste,Site,3,3999.0,11997.0
2024-06-21,10737,Casa,Air Fryer,Nordeste,Site,3,413.1,1239.3
2024-06-21,10738,Informática,SSD 1TB,Norte,Site,2,429.0,858.0
2024-06-22,10739,Casa,Cafeteira,Nordeste,App,3,289.0,867.0
2024-06-22,10740,Esporte,Tapete Yoga,Sul,App,3,99.0,297.0
2024-06-22,10741,Casa,Cafeteira,Sudeste,Loja Física,2,289.0,578.0
2024-06-23,10742,Esporte,Bicicleta,Sudeste,App,3,1599.0,4797.0
2024-06-23,10743,Casa,Liquidificador,Centro-Oeste,Site,3,169.15,507.45
2024-06-23,10744,Informática,"Monitor 24""",Sul,Site,3,949.05,2847.15
2024-06-24,10745,Casa,Cafeteira,Nordeste,Site,3,289.0,867.0
2024-06-24,10746,Esporte,Tapete Yoga,Sudeste,Loja Física,2,94.05,188.1
2024-06-24,10747,Esporte,Bicicleta,Norte,App,3,1599.0,4797.0
2024-06-24,10748,Esporte,Bicicleta,Sudeste,App,1,1599.0,1599.0
2024-06-24,10749,Casa,Liquidificador,Sul,App,2,199.0,398.0
2024-06-24,10750,Casa,Cafeteira,Nordeste,Loja Física,3,289.0,867.0
2024-06-24,10751,Informática,Teclado Mecânico,Sul,Site,3,349.0,1047.0
2024-06-24,10752,Eletrônicos,Smartwatch,Sul,App,3,854.05,2562.15
2024-06-25,10753,Casa,Aspirador Robô,Centro-Oeste,Site,2,1234.05,2468.1
2024-06-25,10754,Esporte,Esteira,Nordeste,Site,3,2799.0,8397.0
2024-06-26,10755,Eletrônicos,Fone Bluetooth,Sudeste,Loja Física,2,224.1,448.2
2024-06-26,10756,Esporte,Halteres 10kg,Centro-Oeste,Site,1,189.0,189.0
2024-06-27,10757,Moda,Mochila,Sudeste,App,2,179.0,358.0
2024-06-28,10758,Esporte,Esteira,Centro-Oeste,App,2,2799.0,5598.0
2024-06-28,10759,Esporte,Tapete Yoga,Nordeste,Site,2,99.0,198.0
2024-06-28,10760,Informática,SSD 1TB,Norte,App,2,407.55,815.1
2024-06-28,10761,Casa,Air Fryer,Sudeste,Site,2,459.0,918.0
2024-06-28,10762,Casa,Air Fryer,Sul,Site,1,459.0,459.0
2024-06-28,10763,Esporte,Esteira,Sudeste,Loja Física,1,2659.05,2659.05
2024-06-28,10764,Eletrônicos,Smartphone,Sudeste,Site,1,1899.0,1899.0
2024-06-28,10765,Informática,Teclado Mecânico,Sudeste,Site,1,314.1,314.1
2024-06-29,10766,Esporte,Esteira,Nordeste,Site,2,2799.0,5598.0
2024-06-29,10767,Esporte,Tapete Yoga,Sudeste,Site,3,94.05,282.15
2024-06-29,10768,Moda,Relógio,Centro-Oeste,Site,2,329.0,658.0
2024-06-29,10769,Informática,SSD 1TB,Sudeste,App,3,429.0,1287.0
2024-06-29,10770,Eletrônicos,Smartphone,Nordeste,App,1,1899.0,1899.0
2024-06-29,10771,Esporte,Bicicleta,Sudeste,Site,1,1599.0,1599.0
2024-06-30,10772,Eletrônicos,Fone Bluetooth,Sudeste,Site,1,249.0,249.0
2024-06-30,10773,Esporte,Tapete Yoga,Sul,App,3,99.0,297.0
2024-06-30,10774,Esporte,Tapete Yoga,Sudeste,Site,3,99.0,297.0
2024-06-30,10775,Casa,Air Fryer,Centro-Oeste,Site,1,413.1,413.1
2024-07-01,10776,Informática,Mouse Gamer,Nordeste,App,3,135.15,405.45
2024-07-01,10777,Informática,"Monitor 24""",Sul,Site,1,999.0,999.0
2024-07-01,10778,Informática,"Monitor 24""",Sudeste,Site,3,999.0,2997.0
2024-07-01,10779,Informática,SSD 1TB,Sudeste,App,2,429.0,858.0
2024-07-02,10780,Eletrônicos,Smartwatch,Sul,Site,2,854.05,1708.1
2024-07-02,10781,Moda,Relógio,Nordeste,App,2,329.0,658.0
2024-07-02,10782,Esporte,Esteira,Sudeste,App,1,2519.1,2519.1
2024-07-02,10783,Eletrônicos,Smartphone,Sul,Loja Física,3,1899.0,5697.0
2024-07-02,10784,Informática,Mouse Gamer,Sudeste,Site,3,159.0,477.0
2024-07-03,10785,Moda,Jaqueta,Sudeste,Site,3,259.0,777.0
2024-07-03,10786,Moda,Relógio,Nordeste,Site,2,329.0,658.0
2024-07-03,10787,Moda,Mochila,Sudeste,Site,3,161.1,483.3
2024-07-03,10788,Casa,Air Fryer,Sudeste,App,1,459.0,459.0
2024-07-04,10789,Esporte,Tapete Yoga,Sul,App,3,94.05,282.15
2024-07-04,10790,Esporte,Tapete Yoga,Sul,App,3,99.0,297.0
2024-07-05,10791,Eletrônicos,Fone Bluetooth,Sudeste,Site,2,249.0,498.0
2024-07-05,10792,Esporte,Bicicleta,Sul,Site,1,1359.15,1359.15
2024-07-05,10793,Casa,Cafeteira,Nordeste,Site,3,289.0,867.0
2024-07-05,10794,Esporte,Bicicleta,Sudeste,App,1,1519.05,1519.05
2024-07-06,10795,Informática,"Monitor 24""",Sudeste,Loja Física,2,999.0,1998.0
2024-07-06,10796,Esporte,Bicicleta,Nordeste,Site,1,1519.05,1519.05
2024-07-06,10797,Moda,Mochila,Centro-Oeste,Site,3,179.0,537.0
2024-07-06,10798,Casa,Aspirador Robô,Sudeste,Loja Física,2,1169.1,2338.2
2024-07-07,10799,Moda,Mochila,Norte,App,2,161.1,322.2
2024-07-07,10800,Moda,Mochila,Centro-Oeste,App,3,179.0,537.0
2024-07-08,10801,Casa,Air Fryer,Sudeste,Site,1,459.0,459.0
2024-07-08,10802,Esporte,Bicicleta,Norte,Loja Física,2,1519.05,3038.1
2024-07-08,10803,Informática,"Monitor 24""",Centro-Oeste,Site,2,999.0,1998.0
2024-07-08,10804,Moda,Mochila,Centro-Oeste,Site,1,152.15,152.15
2024-07-09,10805,Casa,Aspirador Robô,Sudeste,Loja Física,2,1299.0,2598.0
2024-07-09,10806,Casa,Liquidificador,Sudeste,App,2,179.1,358.2
2024-07-09,10807,Informática,SSD 1TB,Sudeste,Site,3,429.0,1287.0
2024-07-09,10808,Informática,Mouse Gamer,Sudeste,App,2,159.0,318.0
2024-07-10,10809,Eletrônicos,Fone Bluetooth,Sudeste,Site,1,249.0,249.0
2024-07-11,10810,Eletrônicos,Fone Bluetooth,Sudeste,Site,3,224.1,672.3
2024-07-11,10811,Esporte,Halteres 10kg,Sudeste,Site,1,170.1,170.1
2024-07-12,10812,Esporte,Halteres 10kg,Sul,Site,3,170.1,510.3
2024-07-12,10813,Casa,Aspirador Robô,Sudeste,Loja Física,1,1169.1,1169.1
2024-07-12,10814,Casa,Aspirador Robô,Sudeste,Site,1,1299.0,1299.0
2024-07-12,10815,Esporte,Halteres 10kg,Sudeste,Site,1,189.0,189.0
2024-07-12,10816,Moda,Mochila,Norte,Site,1,161.1,161.1
2024-07-13,10817,Eletrônicos,Notebook,Centro-Oeste,Site,3,3799.05,11397.15
2024-07-13,10818,Informática,Teclado Mecânico,Sul,App,3,349.0,1047.0
2024-07-13,10819,Esporte,Tapete Yoga,Sudeste,Site,2,99.0,198.0
2024-07-13,10820,Esporte,Halteres 10kg,Sudeste,Site,1,189.0,189.0
2024-07-13,10821,Casa,Air Fryer,Sudeste,App,1,436.05,436.05
2024-07-13,10822,Informática,Teclado Mecânico,Sudeste,Site,3,349.0,1047.0
2024-07-13,10823,Casa,Aspirador Robô,Sul,App,1,1299.0,1299.0
2024-07-14,10824,Casa,Liquidificador,Sudeste,App,2,179.1,358.2
2024-07-14,10825,Moda,Jaqueta,Sudeste,Site,1,233.1,233.1
2024-07-15,10826,Informática,Teclado Mecânico,Sudeste,App,2,349.0,698.0
2024-07-15,10827,Informática,Teclado Mecânico,Sul,App,2,349.0,698.0
2024-07-15,10828,Eletrônicos,Notebook,Sudeste,App,3,3999.0,11997.0
2024-07-15,10829,Eletrônicos,Notebook,Sul,Site,1,3599.1,3599.1
2024-07-16,10830,Casa,Cafeteira,Sul,Site,3,289.0,867.0
2024-07-16,10831,Casa,Aspirador Robô,Nordeste,App,1,1299.0,1299.0
2024-07-16,10832,Casa,Cafeteira,Sul,Site,2,289.0,578.0
2024-07-16,10833,Moda,Tênis Esportivo,Sudeste,App,2,399.0,798.0
2024-07-17,10834,Casa,Air Fryer,Sudeste,Site,3,459.0,1377.0
2024-07-17,10835,Esporte,Tapete Yoga,Sudeste,App,2,99.0,198.0
2024-07-17,10836,Informática,"Monitor 24""",Sul,Site,3,949.05,2847.15
2024-07-17,10837,Casa,Air Fryer,Nordeste,Site,1,413.1,413.1
2024-07-17,10838,Casa,Aspirador Robô,Sul,App,2,1299.0,2598.0
2024-07-17,10839,Informática,"Monitor 24""",Sul,Site,3,899.1,2697.3
2024-07-17,10840,Casa,Air Fryer,Sul,App,1,459.0,459.0
2024-07-17,10841,Informática,"Monitor 24""",Nordeste,Site,2,949.05,1898.1
2024-07-18,10842,Informática,Mouse Gamer,Nordeste,Site,1,151.05,151.05
2024-07-18,10843,Moda,Relógio,Sudeste,Site,3,329.0,987.0
2024-07-18,10844,Eletrônicos,Smartphone,Sudeste,Site,3,1899.0,5697.0
2024-07-18,10845,Informática,Teclado Mecânico,Nordeste,Site,1,349.0,349.0
2024-07-18,10846,Informática,"Monitor 24""",Nordeste,Loja Física,3,999.0,2997.0
2024-07-19,10847,Eletrônicos,Smartwatch,Sudeste,Site,2,854.05,1708.1
2024-07-20,10848,Casa,Aspirador Robô,Sul,App,1,1299.0,1299.0
2024-07-20,10849,Informática,Teclado Mecânico,Sul,App,2,331.55,663.1
2024-07-20,10850,Informática,Teclado Mecânico,Nordeste,Site,2,349.0,698.0
2024-07-20,10851,Esporte,Halteres 10kg,Nordeste,Site,2,189.0,378.0
2024-07-20,10852,Eletrônicos,Fone Bluetooth,Sudeste,App,3,224.1,672.3
2024-07-21,10853,Casa,Cafeteira,Sudeste,App,3,289.0,867.0
2024-07-21,10854,Moda,Mochila,Sul,Site,3,170.05,510.15
2024-07-21,10855,Esporte,Bicicleta,Sul,Loja Física,3,1519.05,4557.15
2024-07-21,10856,Esporte,Esteira,Sudeste,Site,1,2659.05,2659.05
2024-07-22,10857,Esporte,Halteres 10kg,Centro-Oeste,App,2,189.0,378.0
2024-07-22,10858,Eletrônicos,Smartphone,Sul,App,2,1899.0,3798.0
2024-07-22,10859,Informática,Teclado Mecânico,Nordeste,Site,2,331.55,663.1
2024-07-22,10860,Moda,Jaqueta,Sudeste,App,2,259.0,518.0
2024-07-22,10861,Esporte,Esteira,Sudeste,App,2,2519.1,5038.2
2024-07-22,10862,Eletrônicos,Fone Bluetooth,Centro-Oeste,App,3,249.0,747.0
2024-07-22,10863,Casa,Liquidificador,Sudeste,App,3,189.05,567.15
2024-07-22,10864,Moda,Mochila,Sudeste,Site,1,152.15,152.15
2024-07-23,10865,Moda,Tênis Esportivo,Sudeste,Site,1,399.0,399.0
2024-07-23,10866,Casa,Air Fryer,Sudeste,App,2,459.0,918.0
2024-07-23,10867,Casa,Aspirador Robô,Centro-Oeste,App,3,1299.0,3897.0
2024-07-23,10868,Eletrônicos,Notebook,Sudeste,Loja Física,2,3999.0,7998.0
2024-07-24,10869,Informática,Teclado Mecânico,Sudeste,Loja Física,1,331.55,331.55
2024-07-24,10870,Informática,Teclado Mecânico,Centro-Oeste,App,1,349.0,349.0
2024-07-24,10871,Casa,Cafeteira,Sudeste,App,2,289.0,578.0
2024-07-24,10872,Casa,Liquidificador,Sudeste,App,2,189.05,378.1
2024-07-25,10873,Moda,Jaqueta,Nordeste,Site,2,246.05,492.1
2024-07-25,10874,Moda,Tênis Esportivo,Sudeste,App,1,399.0,399.0
2024-07-26,10875,Casa,Aspirador Robô,Centro-Oeste,Loja Física,3,1169.1,3507.3
2024-07-26,10876,Casa,Cafeteira,Nordeste,Site,2,274.55,549.1
2024-07-26,10877,Casa,Cafeteira,Sudeste,Loja Física,3,289.0,867.0
2024-07-27,10878,Casa,Air Fryer,Sudeste,Loja Física,1,413.1,413.1
2024-07-27,10879,Esporte,Tapete Yoga,Sudeste,Site,1,99.0,99.0
2024-07-28,10880,Informática,"Monitor 24""",Sul,App,3,999.0,2997.0
2024-07-28,10881,Moda,Tênis Esportivo,Sul,App,2,399.0,798.0
2024-07-28,10882,Esporte,Tapete Yoga,Sudeste,Site,2,99.0,198.0
2024-07-28,10883,Esporte,Halteres 10kg,Sul,App,2,170.1,340.2
2024-07-29,10884,Eletrônicos,Notebook,Sul,Loja Física,2,3999.0,7998.0
2024-07-29,10885,Moda,Tênis Esportivo,Sudeste,App,2,399.0,798.0
2024-07-29,10886,Casa,Liquidificador,Sudeste,Site,1,199.0,199.0
2024-07-30,10887,Eletrônicos,Smartwatch,Norte,App,3,899.0,2697.0
2024-07-30,10888,Informática,Mouse Gamer,Centro-Oeste,Loja Física,3,151.05,453.15
2024-07-30,10889,Informática,"Monitor 24""",Nordeste,Loja Física,3,999.0,2997.0
2024-07-30,10890,Informática,Mouse Gamer,Sudeste,App,2,159.0,318.0
2024-07-30,10891,Moda,Relógio,Nordeste,Loja Física,2,312.55,625.1
2024-07-30,10892,Eletrônicos,Smartphone,Nordeste,App,1,1709.1,1709.1
2024-07-31,10893,Casa,Cafeteira,Sul,Site,1,289.0,289.0
2024-07-31,10894,Casa,Aspirador Robô,Centro-Oeste,Loja Física,2,1299.0,2598.0
2024-08-01,10895,Informática,Teclado Mecânico,Sudeste,Site,2,349.0,698.0
2024-08-01,10896,Esporte,Tapete Yoga,Nordeste,App,1,89.1,89.1
2024-08-02,10897,Eletrônicos,Fone Bluetooth,Sudeste,Site,1,249.0,249.0
2024-08-02,10898,Eletrônicos,Notebook,Sul,App,1,3999.0,3999.0
2024-08-02,10899,Eletrônicos,Notebook,Sudeste,Site,3,3599.1,10797.3
2024-08-02,10900,Esporte,Esteira,Sudeste,App,2,2659.05,5318.1
2024-08-02,10901,Informática,Mouse Gamer,Nordeste,Loja Física,3,151.05,453.15
2024-08-02,10902,Informática,SSD 1TB,Sudeste,Site,1,429.0,429.0
2024-08-02,10903,Moda,Tênis Esportivo,Nordeste,Site,1,399.0,399.0
2024-08-04,10904,Casa,Aspirador Robô,Sul,App,2,1169.1,2338.2
2024-08-04,10905,Informática,"Monitor 24""",Centro-Oeste,Loja Física,3,949.05,2847.15
2024-08-04,10906,Eletrônicos,Fone Bluetooth,Nordeste,App,2,249.0,498.0
2024-08-05,10907,Informática,Teclado Mecânico,Sudeste,Loja Física,2,349.0,698.0
2024-08-05,10908,Eletrônicos,Smartphone,Sul,Site,1,1899.0,1899.0
2024-08-06,10909,Informática,Teclado Mecânico,Sul,Site,1,349.0,349.0
2024-08-06,10910,Eletrônicos,Notebook,Sul,Site,1,3999.0,3999.0
2024-08-06,10911,Eletrônicos,Smartphone,Centro-Oeste,Loja Física,2,1899.0,3798.0
2024-08-06,10912,Eletrônicos,Smartphone,Nordeste,App,2,1899.0,3798.0
2024-08-06,10913,Moda,Tênis Esportivo,Sul,Site,2,399.0,798.0
2024-08-07,10914,Eletrônicos,Smartwatch,Sudeste,Site,2,899.0,1798.0
2024-08-07,10915,Moda,Relógio,Sudeste,Loja Física,1,329.0,329.0
2024-08-07,10916,Casa,Cafeteira,Nordeste,Site,3,260.1,780.3
2024-08-08,10917,Esporte,Tapete Yoga,Sudeste,Loja Física,3,99.0,297.0
2024-08-08,10918,Informática,Mouse Gamer,Norte,Loja Física,3,159.0,477.0
2024-08-08,10919,Casa,Liquidificador,Nordeste,App,3,199.0,597.0
2024-08-08,10920,Esporte,Tapete Yoga,Nordeste,Loja Física,3,99.0,297.0
2024-08-09,10921,Eletrônicos,Smartwatch,Nordeste,Site,2,899.0,1798.0
2024-08-09,10922,Casa,Aspirador Robô,Nordeste,App,2,1169.1,2338.2
2024-08-09,10923,Esporte,Esteira,Sudeste,Site,1,2799.0,2799.0
2024-08-09,10924,Esporte,Esteira,Nordeste,Site,2,2659.05,5318.1
2024-08-11,10925,Informática,Teclado Mecânico,Nordeste,Site,3,349.0,1047.0
2024-08-11,10926,Informática,Mouse Gamer,Centro-Oeste,Site,2,159.0,318.0
2024-08-11,10927,Moda,Jaqueta,Centro-Oeste,Site,2,246.05,492.1
2024-08-11,10928,Eletrônicos,Notebook,Nordeste,Loja Física,1,3999.0,3999.0
2024-08-12,10929,Casa,Cafeteira,Nordeste,Loja Física,1,274.55,274.55
2024-08-12,10930,Moda,Tênis Esportivo,Sudeste,Loja Física,1,399.0,399.0
2024-08-12,10931,Moda,Mochila,Nordeste,App,3,179.0,537.0
2024-08-12,10932,Informática,Mouse Gamer,Centro-Oeste,App,2,159.0,318.0
2024-08-12,10933,Casa,Aspirador Robô,Norte,App,2,1169.1,2338.2
2024-08-13,10934,Moda,Relógio,Centro-Oeste,Loja Física,1,296.1,296.1
2024-08-13,10935,Informática,Teclado Mecânico,Sudeste,Site,2,314.1,628.2
2024-08-13,10936,Moda,Jaqueta,Sul,App,3,259.0,777.0
2024-08-13,10937,Casa,Aspirador Robô,Sudeste,Loja Física,1,1234.05,1234.05
2024-08-14,10938,Informática,Mouse Gamer,Sudeste,App,3,159.0,477.0
2024-08-14,10939,Informática,SSD 1TB,Norte,App,1,429.0,429.0
2024-08-14,10940,Casa,Air Fryer,Sudeste,Site,2,459.0,918.0
2024-08-14,10941,Informática,"Monitor 24""",Sudeste,Site,1,949.05,949.05
2024-08-15,10942,Eletrônicos,Smartwatch,Sudeste,App,1,809.1,809.1
2024-08-15,10943,Moda,Jaqueta,Sul,Site,2,246.05,492.1
2024-08-15,10944,Eletrônicos,Smartphone,Sudeste,Site,3,1899.0,5697.0
2024-08-15,10945,Esporte,Halteres 10kg,Norte,App,3,189.0,567.0
2024-08-16,10946,Moda,Jaqueta,Sudeste,Loja Física,1,233.1,233.1
2024-08-16,10947,Moda,Tênis Esportivo,Centro-Oeste,App,1,359.1,359.1
2024-08-16,10948,Eletrônicos,Notebook,Centro-Oeste,Site,3,3999.0,11997.0
2024-08-16,10949,Moda,Mochila,Sul,App,2,179.0,358.0
2024-08-16,10950,Casa,Liquidificador,Sul,Site,1,179.1,179.1
2024-08-16,10951,Eletrônicos,Fone Bluetooth,Nordeste,Site,2,249.0,498.0
2024-08-16,10952,Eletrônicos,Smartphone,Sudeste,Loja Física,1,1804.05,1804.05
2024-08-16,10953,Eletrônicos,Smartwatch,Sudeste,App,2,899.0,1798.0
2024-08-17,10954,Eletrônicos,Smartwatch,Sudeste,App,3,899.0,2697.0
2024-08-17,10955,Casa,Aspirador Robô,Sudeste,Site,2,1299.0,2598.0
2024-08-18,10956,Esporte,Esteira,Nordeste,Site,3,2799.0,8397.0
2024-08-18,10957,Esporte,Halteres 10kg,Norte,Site,2,189.0,378.0
2024-08-18,10958,Esporte,Bicicleta,Sudeste,App,1,1599.0,1599.0
2024-08-18,10959,Moda,Tênis Esportivo,Sudeste,Site,2,359.1,718.2
2024-08-18,10960,Moda,Jaqueta,Sul,Site,2,246.05,492.1
2024-08-19,10961,Informática,SSD 1TB,Sudeste,App,2,429.0,858.0
2024-08-19,10962,Eletrônicos,Fone Bluetooth,Sul,App,2,249.0,498.0
2024-08-19,10963,Eletrônicos,Notebook,Sudeste,Loja Física,3,3999.0,11997.0
2024-08-20,10964,Esporte,Bicicleta,Sudeste,Loja Física,2,1599.0,3198.0
2024-08-20,10965,Moda,Mochila,Sul,Site,1,179.0,179.0
2024-08-20,10966,Casa,Air Fryer,Nordeste,App,3,436.05,1308.15
2024-08-20,10967,Esporte,Halteres 10kg,Sudeste,App,3,189.0,567.0
2024-08-20,10968,Eletrônicos,Notebook,Sudeste,App,3,3999.0,11997.0
2024-08-20,10969,Informática,Mouse Gamer,Sudeste,Site,1,159.0,159.0
2024-08-20,10970,Esporte,Tapete Yoga,Nordeste,Site,3,99.0,297.0
2024-08-21,10971,Moda,Mochila,Sudeste,Loja Física,2,179.0,358.0
2024-08-21,10972,Esporte,Esteira,Nordeste,App,3,2519.1,7557.3
2024-08-21,10973,Casa,Cafeteira,Nordeste,Loja Física,2,274.55,549.1
2024-08-22,10974,Informática,Teclado Mecânico,Sul,App,2,349.0,698.0
2024-08-22,10975,Moda,Relógio,Sul,App,1,329.0,329.0
2024-08-22,10976,Casa,Cafeteira,Centro-Oeste,App,1,260.1,260.1
2024-08-22,10977,Casa,Aspirador Robô,Sul,App,1,1299.0,1299.0
2024-08-22,10978,Eletrônicos,Fone Bluetooth,Sudeste,App,1,236.55,236.55
2024-08-23,10979,Moda,Jaqueta,Nordeste,Site,1,246.05,246.05
2024-08-23,10980,Informática,SSD 1TB,Nordeste,Site,2,407.55,815.1
2024-08-23,10981,Moda,Jaqueta,Sul,Site,1,259.0,259.0
2024-08-23,10982,Casa,Liquidificador,Sudeste,App,1,189.05,189.05
2024-08-23,10983,Casa,Air Fryer,Nordeste,App,1,459.0,459.0
2024-08-24,10984,Casa,Liquidificador,Centro-Oeste,Site,2,199.0,398.0
2024-08-24,10985,Moda,Mochila,Sudeste,Loja Física,1,179.0,179.0
2024-08-24,10986,Informática,SSD 1TB,Nordeste,Site,3,429.0,1287.0
2024-08-24,10987,Casa,Air Fryer,Sudeste,App,1,459.0,459.0
2024-08-25,10988,Casa,Air Fryer,Sudeste,App,2,413.1,826.2
2024-08-25,10989,Informática,SSD 1TB,Sudeste,Site,2,386.1,772.2
2024-08-25,10990,Informática,"Monitor 24""",Sudeste,Site,2,999.0,1998.0
2024-08-25,10991,Moda,Tênis Esportivo,Sul,Site,3,359.1,1077.3
2024-08-25,10992,Moda,Tênis Esportivo,Nordeste,Site,2,359.1,718.2
2024-08-25,10993,Eletrônicos,Smartphone,Sudeste,Loja Física,2,1709.1,3418.2
2024-08-25,10994,Esporte,Bicicleta,Nordeste,App,1,1599.0,1599.0
2024-08-26,10995,Moda,Mochila,Norte,App,2,179.0,358.0
2024-08-26,10996,Moda,Mochila,Centro-Oeste,Loja Física,1,179.0,179.0
2024-08-26,10997,Eletrônicos,Smartphone,Sudeste,Site,3,1804.05,5412.15
2024-08-27,10998,Eletrônicos,Fone Bluetooth,Centro-Oeste,Site,3,236.55,709.65
2024-08-27,10999,Casa,Liquidificador,Centro-Oeste,Site,3,189.05,567.15
2024-08-27,11000,Moda,Tênis Esportivo,Nordeste,Loja Física,3,379.05,1137.15
2024-08-27,11001,Informática,"Monitor 24""",Norte,Loja Física,2,999.0,1998.0
2024-08-27,11002,Eletrônicos,Smartphone,Sudeste,App,3,1899.0,5697.0
2024-08-27,11003,Informática,SSD 1TB,Sudeste,App,1,407.55,407.55
2024-08-27,11004,Eletrônicos,Notebook,Sudeste,Loja Física,1,3999.0,3999.0
2024-08-28,11005,Esporte,Esteira,Sudeste,App,3,2519.1,7557.3
2024-08-28,11006,Esporte,Halteres 10kg,Nordeste,App,1,189.0,189.0
2024-08-28,11007,Informática,"Monitor 24""",Norte,App,3,849.15,2547.45
2024-08-28,11008,Eletrônicos,Smartphone,Nordeste,Loja Física,3,1899.0,5697.0
2024-08-28,11009,Esporte,Tapete Yoga,Centro-Oeste,App,3,99.0,297.0
2024-08-28,11010,Esporte,Halteres 10kg,Nordeste,App,1,189.0,189.0
2024-08-29,11011,Moda,Mochila,Centro-Oeste,Site,2,170.05,340.1
2024-08-29,11012,Moda,Jaqueta,Sudeste,App,3,259.0,777.0
2024-08-29,11013,Casa,Aspirador Robô,Sudeste,Site,2,1234.05,2468.1
2024-08-29,11014,Casa,Cafeteira,Nordeste,Loja Física,2,289.0,578.0
2024-08-29,11015,Casa,Aspirador Robô,Sudeste,App,1,1299.0,1299.0
2024-08-29,11016,Eletrônicos,Fone Bluetooth,Nordeste,App,1,249.0,249.0
2024-08-29,11017,Esporte,Halteres 10kg,Sul,Site,3,179.55,538.65
2024-08-30,11018,Informática,SSD 1TB,Sul,App,1,429.0,429.0
2024-08-30,11019,Eletrônicos,Smartwatch,Sudeste,App,3,899.0,2697.0
2024-08-30,11020,Esporte,Esteira,Sudeste,Site,3,2519.1,7557.3
2024-08-30,11021,Casa,Air Fryer,Sul,App,2,459.0,918.0
2024-08-31,11022,Esporte,Halteres 10kg,Nordeste,Site,2,179.55,359.1
2024-08-31,11023,Informática,SSD 1TB,Sudeste,App,2,429.0,858.0
2024-09-01,11024,Moda,Tênis Esportivo,Nordeste,Site,1,399.0,399.0
2024-09-01,11025,Eletrônicos,Fone Bluetooth,Sudeste,App,3,249.0,747.0
2024-09-02,11026,Informática,Teclado Mecânico,Sudeste,Loja Física,1,314.1,314.1
2024-09-02,11027,Esporte,Esteira,Sudeste,App,1,2519.1,2519.1
2024-09-02,11028,Casa,Cafeteira,Sul,Site,1,260.1,260.1
2024-09-03,11029,Moda,Relógio,Nordeste,App,3,296.1,888.3
2024-09-03,11030,Casa,Aspirador Robô,Norte,Site,1,1299.0,1299.0
2024-09-04,11031,Esporte,Tapete Yoga,Sul,Site,3,99.0,297.0
2024-09-04,11032,Esporte,Bicicleta,Sul,Site,3,1599.0,4797.0
2024-09-04,11033,Casa,Liquidificador,Sudeste,Loja Física,3,179.1,537.3
2024-09-04,11034,Esporte,Esteira,Sudeste,Site,1,2799.0,2799.0
2024-09-05,11035,Moda,Tênis Esportivo,Sudeste,Site,2,399.0,798.0
2024-09-05,11036,Esporte,Esteira,Nordeste,Site,3,2799.0,8397.0
2024-09-05,11037,Informática,Teclado Mecânico,Sul,App,2,349.0,698.0
2024-09-05,11038,Casa,Liquidificador,Nordeste,Site,2,199.0,398.0
2024-09-05,11039,Esporte,Bicicleta,Sudeste,App,1,1599.0,1599.0
2024-09-05,11040,Eletrônicos,Smartphone,Sudeste,App,1,1804.05,1804.05
2024-09-06,11041,Moda,Mochila,Sudeste,App,2,152.15,304.3
2024-09-06,11042,Esporte,Halteres 10kg,Nordeste,App,2,189.0,378.0
2024-09-07,11043,Casa,Cafeteira,Sudeste,App,2,289.0,578.0
2024-09-07,11044,Esporte,Esteira,Sul,Site,3,2519.1,7557.3
2024-09-07,11045,Moda,Mochila,Centro-Oeste,App,3,161.1,483.3
2024-09-07,11046,Esporte,Bicicleta,Sudeste,Site,1,1599.0,1599.0
2024-09-07,11047,Eletrônicos,Notebook,Nordeste,Loja Física,2,3599.1,7198.2
2024-09-08,11048,Moda,Tênis Esportivo,Sudeste,Site,2,399.0,798.0
2024-09-08,11049,Casa,Liquidificador,Norte,Loja Física,2,179.1,358.2
2024-09-09,11050,Moda,Mochila,Sudeste,Site,1,161.1,161.1
2024-09-09,11051,Eletrônicos,Notebook,Norte,Loja Física,1,3999.0,3999.0
2024-09-09,11052,Eletrônicos,Notebook,Sudeste,Site,3,3999.0,11997.0
2024-09-09,11053,Casa,Cafeteira,Norte,App,3,274.55,823.65
2024-09-10,11054,Eletrônicos,Notebook,Sul,App,1,3999.0,3999.0
2024-09-10,11055,Eletrônicos,Smartwatch,Sudeste,Site,3,899.0,2697.0
2024-09-11,11056,Informática,SSD 1TB,Centro-Oeste,App,2,429.0,858.0
2024-09-11,11057,Moda,Tênis Esportivo,Centro-Oeste,Site,1,399.0,399.0
2024-09-11,11058,Informática,Teclado Mecânico,Centro-Oeste,App,1,349.0,349.0
2024-09-11,11059,Moda,Mochila,Centro-Oeste,Site,2,179.0,358.0
2024-09-11,11060,Informática,Mouse Gamer,Sudeste,Site,1,159.0,159.0
2024-09-12,11061,Eletrônicos,Smartphone,Norte,Site,1,1804.05,1804.05
2024-09-12,11062,Moda,Jaqueta,Nordeste,Site,1,259.0,259.0
2024-09-12,11063,Casa,Aspirador Robô,Centro-Oeste,Site,3,1169.1,3507.3
2024-09-12,11064,Eletrônicos,Smartwatch,Sudeste,Site,3,764.15,2292.45
2024-09-12,11065,Esporte,Esteira,Sudeste,Loja Física,2,2799.0,5598.0
2024-09-13,11066,Eletrônicos,Fone Bluetooth,Sudeste,Site,3,249.0,747.0
2024-09-13,11067,Eletrônicos,Fone Bluetooth,Sudeste,Site,1,249.0,249.0
2024-09-13,11068,Informática,SSD 1TB,Sudeste,Site,1,429.0,429.0
2024-09-14,11069,Informática,SSD 1TB,Sul,Site,2,429.0,858.0
2024-09-14,11070,Eletrônicos,Smartwatch,Nordeste,App,1,899.0,899.0
2024-09-14,11071,Moda,Mochila,Centro-Oeste,App,2,179.0,358.0
2024-09-14,11072,Moda,Relógio,Sudeste,Site,3,312.55,937.65
2024-09-15,11073,Informática,Mouse Gamer,Sul,Site,1,151.05,151.05
2024-09-15,11074,Esporte,Bicicleta,Nordeste,App,2,1439.1,2878.2
2024-09-15,11075,Moda,Jaqueta,Norte,Site,3,246.05,738.15
2024-09-16,11076,Informática,SSD 1TB,Sudeste,App,2,429.0,858.0
2024-09-16,11077,Informática,SSD 1TB,Nordeste,App,2,429.0,858.0
2024-09-16,11078,Moda,Tênis Esportivo,Nordeste,Loja Física,1,379.05,379.05
2024-09-16,11079,Informática,Mouse Gamer,Sudeste,Site,3,159.0,477.0
2024-09-16,11080,Eletrônicos,Notebook,Sul,Loja Física,3,3999.0,11997.0
2024-09-17,11081,Esporte,Esteira,Sudeste,Loja Física,2,2799.0,5598.0
2024-09-17,11082,Informática,"Monitor 24""",Sudeste,App,1,949.05,949.05
2024-09-17,11083,Esporte,Bicicleta,Nordeste,Site,1,1599.0,1599.0
2024-09-17,11084,Eletrônicos,Fone Bluetooth,Sudeste,App,2,249.0,498.0
2024-09-18,11085,Esporte,Halteres 10kg,Sul,Loja Física,1,189.0,189.0
2024-09-18,11086,Informática,SSD 1TB,Sudeste,Site,2,386.1,772.2
2024-09-19,11087,Casa,Aspirador Robô,Sudeste,App,3,1299.0,3897.0
2024-09-19,11088,Moda,Tênis Esportivo,Norte,Loja Física,1,399.0,399.0
2024-09-19,11089,Informática,"Monitor 24""",Sudeste,Site,1,899.1,899.1
2024-09-20,11090,Informática,"Monitor 24""",Sudeste,Site,1,899.1,899.1
2024-09-20,11091,Casa,Aspirador Robô,Sudeste,Loja Física,3,1169.1,3507.3
2024-09-20,11092,Casa,Cafeteira,Sul,Site,1,289.0,289.0
2024-09-20,11093,Moda,Mochila,Nordeste,Site,3,179.0,537.0
2024-09-20,11094,Eletrônicos,Fone Bluetooth,Sudeste,App,2,236.55,473.1
2024-09-21,11095,Esporte,Tapete Yoga,Norte,Site,1,99.0,99.0
2024-09-21,11096,Casa,Cafeteira,Norte,Loja Física,3,274.55,823.65
2024-09-22,11097,Casa,Liquidificador,Sul,Site,3,199.0,597.0
2024-09-22,11098,Informática,Teclado Mecânico,Nordeste,Loja Física,3,349.0,1047.0
2024-09-22,11099,Eletrônicos,Notebook,Centro-Oeste,Loja Física,1,3999.0,3999.0
2024-09-22,11100,Moda,Relógio,Sul,App,1,312.55,312.55
2024-09-22,11101,Informática,"Monitor 24""",Sudeste,Site,3,949.05,2847.15
2024-09-23,11102,Casa,Liquidificador,Sudeste,Site,3,199.0,597.0
2024-09-23,11103,Casa,Cafeteira,Sul,App,1,289.0,289.0
2024-09-23,11104,Esporte,Tapete Yoga,Sudeste,Site,2,99.0,198.0
2024-09-24,11105,Moda,Mochila,Nordeste,Site,3,161.1,483.3
2024-09-24,11106,Moda,Relógio,Sudeste,Loja Física,1,329.0,329.0
2024-09-24,11107,Eletrônicos,Fone Bluetooth,Nordeste,App,3,249.0,747.0
2024-09-24,11108,Casa,Cafeteira,Sudeste,Site,1,260.1,260.1
2024-09-24,11109,Informática,Mouse Gamer,Centro-Oeste,Site,2,151.05,302.1
2024-09-24,11110,Casa,Cafeteira,Sudeste,Site,3,274.55,823.65
2024-09-24,11111,Informática,Teclado Mecânico,Sul,App,3,349.0,1047.0
2024-09-24,11112,Esporte,Bicicleta,Nordeste,Site,3,1519.05,4557.15
2024-09-24,11113,Eletrônicos,Smartwatch,Norte,Site,2,899.0,1798.0
2024-09-25,11114,Informática,Teclado Mecânico,Nordeste,Site,2,331.55,663.1
2024-09-25,11115,Eletrônicos,Fone Bluetooth,Sudeste,Site,2,249.0,498.0
2024-09-25,11116,Esporte,Bicicleta,Nordeste,Loja Física,2,1599.0,3198.0
2024-09-26,11117,Informática,SSD 1TB,Sul,Site,2,386.1,772.2
2024-09-26,11118,Casa,Air Fryer,Centro-Oeste,App,2,459.0,918.0
2024-09-26,11119,Eletrônicos,Notebook,Nordeste,Site,2,3799.05,7598.1
2024-09-27,11120,Casa,Air Fryer,Sudeste,Site,2,459.0,918.0
2024-09-28,11121,Eletrônicos,Fone Bluetooth,Sul,App,3,224.1,672.3
2024-09-28,11122,Informática,"Monitor 24""",Centro-Oeste,Site,3,899.1,2697.3
2024-09-28,11123,Eletrônicos,Smartphone,Nordeste,App,1,1899.0,1899.0
2024-09-28,11124,Moda,Tênis Esportivo,Sul,Site,1,399.0,399.0
2024-09-29,11125,Eletrônicos,Fone Bluetooth,Sul,Loja Física,1,249.0,249.0
2024-09-29,11126,Moda,Jaqueta,Norte,Loja Física,1,246.05,246.05
2024-09-29,11127,Moda,Jaqueta,Sul,Site,1,220.15,220.15
2024-09-29,11128,Moda,Tênis Esportivo,Sul,Site,1,379.05,379.05
2024-09-29,11129,Casa,Cafeteira,Centro-Oeste,App,3,289.0,867.0
2024-09-29,11130,Moda,Tênis Esportivo,Sudeste,App,3,359.1,1077.3
2024-09-30,11131,Moda,Mochila,Centro-Oeste,Site,1,179.0,179.0
2024-09-30,11132,Esporte,Esteira,Sudeste,App,2,2799.0,5598.0
2024-10-01,11133,Esporte,Tapete Yoga,Sul,App,1,99.0,99.0
2024-10-01,11134,Eletrônicos,Smartphone,Nordeste,Site,1,1899.0,1899.0
2024-10-01,11135,Eletrônicos,Notebook,Sudeste,Site,2,3799.05,7598.1
2024-10-01,11136,Moda,Tênis Esportivo,Sudeste,Site,3,399.0,1197.0
2024-10-01,11137,Eletrônicos,Notebook,Sudeste,App,1,3999.0,3999.0
2024-10-02,11138,Esporte,Tapete Yoga,Sudeste,Site,1,99.0,99.0
2024-10-02,11139,Esporte,Esteira,Centro-Oeste,Site,1,2659.05,2659.05
2024-10-02,11140,Casa,Air Fryer,Sudeste,Loja Física,3,459.0,1377.0
2024-10-03,11141,Esporte,Halteres 10kg,Centro-Oeste,Site,1,189.0,189.0
2024-10-03,11142,Esporte,Tapete Yoga,Centro-Oeste,Site,1,99.0,99.0
2024-10-04,11143,Casa,Liquidificador,Sul,App,2,189.05,378.1
2024-10-04,11144,Casa,Aspirador Robô,Nordeste,App,2,1169.1,2338.2
2024-10-04,11145,Esporte,Esteira,Nordeste,Site,1,2799.0,2799.0
2024-10-04,11146,Moda,Relógio,Norte,Loja Física,3,279.65,838.95
2024-10-05,11147,Casa,Air Fryer,Sul,Site,1,413.1,413.1
2024-10-05,11148,Esporte,Esteira,Centro-Oeste,Loja Física,3,2799.0,8397.0
2024-10-05,11149,Moda,Jaqueta,Sudeste,Site,3,259.0,777.0
2024-10-05,11150,Informática,"Monitor 24""",Sudeste,Site,1,999.0,999.0
2024-10-06,11151,Casa,Air Fryer,Sudeste,App,1,436.05,436.05
2024-10-06,11152,Eletrônicos,Smartphone,Sudeste,Site,1,1614.15,1614.15
2024-10-06,11153,Eletrônicos,Smartwatch,Centro-Oeste,Site,3,899.0,2697.0
2024-10-08,11154,Informática,Mouse Gamer,Sul,Site,3,151.05,453.15
2024-10-09,11155,Informática,SSD 1TB,Nordeste,App,2,429.0,858.0
2024-10-09,11156,Informática,Mouse Gamer,Centro-Oeste,Site,2,159.0,318.0
2024-10-09,11157,Moda,Jaqueta,Sudeste,Site,3,259.0,777.0
2024-10-09,11158,Moda,Relógio,Nordeste,Loja Física,3,329.0,987.0
2024-10-10,11159,Casa,Cafeteira,Centro-Oeste,Site,3,289.0,867.0
2024-10-10,11160,Esporte,Esteira,Sul,Site,3,2519.1,7557.3
2024-10-10,11161,Esporte,Tapete Yoga,Sul,Site,1,99.0,99.0
2024-10-10,11162,Informática,"Monitor 24""",Sul,Loja Física,3,999.0,2997.0
2024-10-10,11163,Moda,Tênis Esportivo,Centro-Oeste,App,1,379.05,379.05
2024-10-10,11164,Casa,Air Fryer,Sudeste,Loja Física,3,459.0,1377.0
2024-10-10,11165,Esporte,Tapete Yoga,Sul,Site,2,99.0,198.0
2024-10-11,11166,Casa,Cafeteira,Sudeste,App,3,289.0,867.0
2024-10-11,11167,Casa,Liquidificador,Sul,Site,1,199.0,199.0
2024-10-11,11168,Eletrônicos,Notebook,Sudeste,Site,2,3799.05,7598.1
2024-10-11,11169,Moda,Relógio,Nordeste,Loja Física,3,312.55,937.65
2024-10-11,11170,Informática,"Monitor 24""",Nordeste,Site,3,899.1,2697.3
2024-10-12,11171,Informática,Teclado Mecânico,Sudeste,App,1,349.0,349.0
2024-10-12,11172,Informática,Mouse Gamer,Sul,Loja Física,2,143.1,286.2
2024-10-12,11173,Informática,SSD 1TB,Sudeste,App,2,364.65,729.3
2024-10-13,11174,Eletrônicos,Smartwatch,Sudeste,App,1,899.0,899.0
2024-10-13,11175,Eletrônicos,Fone Bluetooth,Sudeste,Site,3,236.55,709.65
2024-10-13,11176,Casa,Air Fryer,Sul,Site,3,413.1,1239.3
2024-10-13,11177,Informática,SSD 1TB,Sudeste,Site,1,429.0,429.0
2024-10-14,11178,Esporte,Bicicleta,Sul,Loja Física,2,1599.0,3198.0
2024-10-14,11179,Eletrônicos,Fone Bluetooth,Sul,Site,2,249.0,498.0
2024-10-14,11180,Informática,"Monitor 24""",Sudeste,App,3,999.0,2997.0
2024-10-14,11181,Informática,Mouse Gamer,Sul,App,2,159.0,318.0
2024-10-14,11182,Moda,Mochila,Sudeste,Site,3,161.1,483.3
2024-10-14,11183,Eletrônicos,Fone Bluetooth,Sul,App,2,236.55,473.1
2024-10-14,11184,Casa,Liquidificador,Sudeste,Site,1,199.0,199.0
2024-10-14,11185,Informática,"Monitor 24""",Centro-Oeste,App,1,999.0,999.0
2024-10-15,11186,Casa,Air Fryer,Sul,Site,2,459.0,918.0
2024-10-15,11187,Moda,Mochila,Norte,App,2,179.0,358.0
2024-10-15,11188,Eletrônicos,Smartwatch,Sudeste,App,3,899.0,2697.0
2024-10-15,11189,Informática,"Monitor 24""",Nordeste,App,3,899.1,2697.3
2024-10-15,11190,Eletrônicos,Smartwatch,Sudeste,Loja Física,2,854.05,1708.1
2024-10-16,11191,Informática,"Monitor 24""",Nordeste,Loja Física,2,899.1,1798.2
2024-10-16,11192,Esporte,Bicicleta,Nordeste,Site,3,1599.0,4797.0
2024-10-17,11193,Informática,SSD 1TB,Sudeste,Site,3,407.55,1222.65
2024-10-17,11194,Informática,Mouse Gamer,Sudeste,Site,2,159.0,318.0
2024-10-17,11195,Informática,Mouse Gamer,Sudeste,Site,1,143.1,143.1
2024-10-18,11196,Informática,Teclado Mecânico,Nordeste,App,2,349.0,698.0
2024-10-18,11197,Informática,Teclado Mecânico,Sul,Site,1,349.0,349.0
2024-10-18,11198,Informática,SSD 1TB,Sudeste,Site,1,407.55,407.55
2024-10-19,11199,Casa,Aspirador Robô,Sudeste,Site,1,1299.0,1299.0
2024-10-19,11200,Moda,Tênis Esportivo,Norte,Site,1,399.0,399.0
2024-10-19,11201,Esporte,Esteira,Sul,App,2,2799.0,5598.0
2024-10-19,11202,Esporte,Tapete Yoga,Centro-Oeste,App,1,99.0,99.0
2024-10-19,11203,Esporte,Tapete Yoga,Nordeste,App,3,99.0,297.0
2024-10-19,11204,Esporte,Esteira,Nordeste,Loja Física,2,2659.05,5318.1
2024-10-19,11205,Esporte,Halteres 10kg,Sul,App,1,189.0,189.0
2024-10-20,11206,Moda,Jaqueta,Sudeste,Loja Física,1,233.1,233.1
2024-10-20,11207,Moda,Tênis Esportivo,Nordeste,App,2,399.0,798.0
2024-10-20,11208,Moda,Tênis Esportivo,Sul,Site,3,359.1,1077.3
2024-10-20,11209,Esporte,Halteres 10kg,Sul,App,1,189.0,189.0
2024-10-21,11210,Moda,Relógio,Sul,Site,2,312.55,625.1
2024-10-21,11211,Esporte,Esteira,Sudeste,Site,1,2519.1,2519.1
2024-10-21,11212,Informática,SSD 1TB,Sudeste,App,2,429.0,858.0
2024-10-21,11213,Informática,"Monitor 24""",Sul,App,3,999.0,2997.0
2024-10-21,11214,Eletrônicos,Smartwatch,Norte,App,2,899.0,1798.0
2024-10-21,11215,Esporte,Bicicleta,Nordeste,App,3,1599.0,4797.0
2024-10-21,11216,Esporte,Esteira,Sudeste,App,3,2379.15,7137.45
2024-10-21,11217,Esporte,Halteres 10kg,Sudeste,Site,3,189.0,567.0
2024-10-22,11218,Moda,Tênis Esportivo,Sul,App,1,359.1,359.1
2024-10-23,11219,Esporte,Tapete Yoga,Sul,Site,1,99.0,99.0
2024-10-23,11220,Eletrônicos,Smartwatch,Nordeste,Site,3,899.0,2697.0
2024-10-23,11221,Esporte,Tapete Yoga,Sudeste,App,2,99.0,198.0
2024-10-23,11222,Informática,"Monitor 24""",Sudeste,App,3,849.15,2547.45
2024-10-23,11223,Casa,Air Fryer,Sudeste,App,1,459.0,459.0
2024-10-23,11224,Casa,Liquidificador,Sudeste,Site,3,199.0,597.0
2024-10-23,11225,Casa,Air Fryer,Sudeste,App,2,436.05,872.1
2024-10-23,11226,Eletrônicos,Notebook,Nordeste,Site,3,3599.1,10797.3
2024-10-23,11227,Casa,Air Fryer,Norte,Site,2,390.15,780.3
2024-10-23,11228,Informática,Teclado Mecânico,Sudeste,Loja Física,1,349.0,349.0
2024-10-24,11229,Eletrônicos,Notebook,Sul,Site,1,3999.0,3999.0
2024-10-24,11230,Esporte,Halteres 10kg,Sudeste,Site,1,189.0,189.0
2024-10-24,11231,Informática,Teclado Mecânico,Norte,Site,1,331.55,331.55
2024-10-25,11232,Esporte,Bicicleta,Sudeste,Loja Física,3,1599.0,4797.0
2024-10-25,11233,Informática,Mouse Gamer,Centro-Oeste,App,1,143.1,143.1
2024-10-25,11234,Esporte,Tapete Yoga,Nordeste,App,1,94.05,94.05
2024-10-25,11235,Informática,Teclado Mecânico,Sul,App,1,349.0,349.0
2024-10-26,11236,Eletrônicos,Smartwatch,Sudeste,App,1,899.0,899.0
2024-10-26,11237,Esporte,Bicicleta,Nordeste,App,3,1599.0,4797.0
2024-10-26,11238,Informática,Mouse Gamer,Norte,App,2,159.0,318.0
2024-10-26,11239,Moda,Mochila,Centro-Oeste,Site,1,161.1,161.1
2024-10-26,11240,Casa,Cafeteira,Nordeste,Site,3,289.0,867.0
2024-10-26,11241,Moda,Tênis Esportivo,Sudeste,Loja Física,1,359.1,359.1
2024-10-27,11242,Esporte,Halteres 10kg,Sul,Site,2,189.0,378.0
2024-10-27,11243,Casa,Aspirador Robô,Nordeste,Site,2,1299.0,2598.0
2024-10-27,11244,Eletrônicos,Fone Bluetooth,Nordeste,Site,2,236.55,473.1
2024-10-27,11245,Moda,Relógio,Nordeste,App,2,329.0,658.0
2024-10-28,11246,Moda,Tênis Esportivo,Sul,App,1,399.0,399.0
2024-10-28,11247,Casa,Liquidificador,Nordeste,Site,1,199.0,199.0
2024-10-28,11248,Esporte,Halteres 10kg,Sul,App,2,189.0,378.0
2024-10-28,11249,Eletrônicos,Fone Bluetooth,Sudeste,Site,1,249.0,249.0
2024-10-28,11250,Moda,Relógio,Sudeste,Site,3,296.1,888.3
2024-10-28,11251,Esporte,Halteres 10kg,Sudeste,Site,2,189.0,378.0
2024-10-28,11252,Moda,Relógio,Sudeste,App,1,329.0,329.0
2024-10-28,11253,Informática,"Monitor 24""",Sul,App,2,999.0,1998.0
2024-10-28,11254,Informática,Teclado Mecânico,Centro-Oeste,App,3,349.0,1047.0
2024-10-29,11255,Casa,Liquidificador,Sul,Site,3,199.0,597.0
2024-10-29,11256,Moda,Relógio,Sul,App,1,312.55,312.55
2024-10-29,11257,Esporte,Esteira,Sudeste,App,3,2519.1,7557.3
2024-10-30,11258,Moda,Jaqueta,Sudeste,App,1,259.0,259.0
2024-10-30,11259,Moda,Tênis Esportivo,Sudeste,Loja Física,3,399.0,1197.0
2024-10-30,11260,Eletrônicos,Smartwatch,Sudeste,Site,1,899.0,899.0
2024-10-31,11261,Casa,Aspirador Robô,Norte,Loja Física,3,1299.0,3897.0
2024-10-31,11262,Esporte,Bicicleta,Nordeste,App,1,1519.05,1519.05
2024-10-31,11263,Casa,Aspirador Robô,Sul,Site,1,1234.05,1234.05
2024-10-31,11264,Esporte,Halteres 10kg,Nordeste,Site,2,170.1,340.2
2024-10-31,11265,Moda,Relógio,Sudeste,App,2,329.0,658.0
2024-10-31,11266,Esporte,Bicicleta,Nordeste,Loja Física,1,1599.0,1599.0
2024-10-31,11267,Moda,Jaqueta,Sudeste,Site,1,233.1,233.1
2024-11-01,11268,Esporte,Bicicleta,Nordeste,Site,3,1439.1,4317.3
2024-11-01,11269,Informática,"Monitor 24""",Sudeste,Loja Física,3,999.0,2997.0
2024-11-01,11270,Eletrônicos,Smartwatch,Norte,App,1,854.05,854.05
2024-11-01,11271,Eletrônicos,Smartphone,Sul,App,2,1804.05,3608.1
2024-11-01,11272,Esporte,Bicicleta,Sul,App,3,1599.0,4797.0
2024-11-01,11273,Eletrônicos,Smartphone,Sudeste,Site,3,1899.0,5697.0
2024-11-01,11274,Moda,Mochila,Nordeste,Site,1,179.0,179.0
2024-11-01,11275,Casa,Air Fryer,Sul,Site,3,390.15,1170.45
2024-11-01,11276,Esporte,Bicicleta,Sudeste,Loja Física,1,1599.0,1599.0
2024-11-02,11277,Esporte,Halteres 10kg,Sul,Site,1,170.1,170.1
2024-11-02,11278,Eletrônicos,Fone Bluetooth,Sudeste,App,3,249.0,747.0
2024-11-02,11279,Eletrônicos,Notebook,Sudeste,Site,3,3999.0,11997.0
2024-11-02,11280,Casa,Aspirador Robô,Sul,App,1,1104.15,1104.15
2024-11-02,11281,Esporte,Halteres 10kg,Sudeste,App,3,189.0,567.0
2024-11-02,11282,Moda,Mochila,Centro-Oeste,Loja Física,2,170.05,340.1
2024-11-02,11283,Casa,Air Fryer,Nordeste,Loja Física,1,459.0,459.0
2024-11-02,11284,Eletrônicos,Smartwatch,Centro-Oeste,App,3,899.0,2697.0
2024-11-02,11285,Eletrônicos,Smartwatch,Sudeste,Loja Física,1,899.0,899.0
2024-11-02,11286,Casa,Cafeteira,Sudeste,Site,2,289.0,578.0
2024-11-02,11287,Moda,Relógio,Nordeste,App,1,329.0,329.0
2024-11-02,11288,Eletrônicos,Smartwatch,Sudeste,Site,1,899.0,899.0
2024-11-03,11289,Informática,Teclado Mecânico,Sul,Site,1,349.0,349.0
2024-11-03,11290,Informática,Mouse Gamer,Sul,Site,3,159.0,477.0
2024-11-03,11291,Esporte,Tapete Yoga,Sul,App,1,99.0,99.0
2024-11-03,11292,Moda,Jaqueta,Centro-Oeste,App,3,259.0,777.0
2024-11-03,11293,Informática,Mouse Gamer,Sudeste,App,1,159.0,159.0
2024-11-03,11294,Eletrônicos,Smartphone,Norte,Site,3,1899.0,5697.0
2024-11-03,11295,Informática,"Monitor 24""",Nordeste,App,3,899.1,2697.3
2024-11-03,11296,Esporte,Esteira,Sul,Site,1,2799.0,2799.0
2024-11-03,11297,Casa,Cafeteira,Centro-Oeste,Loja Física,1,260.1,260.1
2024-11-04,11298,Informática,"Monitor 24""",Nordeste,Loja Física,1,999.0,999.0
2024-11-04,11299,Informática,"Monitor 24""",Sudeste,App,2,899.1,1798.2
2024-11-04,11300,Moda,Mochila,Sudeste,Loja Física,2,179.0,358.0
2024-11-04,11301,Casa,Liquidificador,Sudeste,App,2,199.0,398.0
2024-11-04,11302,Eletrônicos,Notebook,Centro-Oeste,Site,2,3999.0,7998.0
2024-11-04,11303,Esporte,Halteres 10kg,Sul,Site,2,189.0,378.0
2024-11-04,11304,Informática,Teclado Mecânico,Sul,Loja Física,2,314.1,628.2
2024-11-04,11305,Eletrônicos,Fone Bluetooth,Nordeste,Site,1,249.0,249.0
2024-11-05,11306,Moda,Tênis Esportivo,Nordeste,Site,3,339.15,1017.45
2024-11-05,11307,Eletrônicos,Smartwatch,Sul,App,3,899.0,2697.0
2024-11-06,11308,Moda,Tênis Esportivo,Sul,Site,2,379.05,758.1
2024-11-06,11309,Moda,Mochila,Centro-Oeste,App,2,179.0,358.0
2024-11-06,11310,Moda,Relógio,Sudeste,Site,2,329.0,658.0
2024-11-06,11311,Eletrônicos,Notebook,Sudeste,App,3,3999.0,11997.0
2024-11-06,11312,Eletrônicos,Fone Bluetooth,Sudeste,Site,3,249.0,747.0
2024-11-06,11313,Moda,Tênis Esportivo,Sudeste,Loja Física,1,399.0,399.0
2024-11-06,11314,Informática,"Monitor 24""",Sudeste,Site,2,899.1,1798.2
2024-11-06,11315,Casa,Liquidificador,Norte,App,2,189.05,378.1
2024-11-06,11316,Informática,SSD 1TB,Sudeste,Site,1,429.0,429.0
2024-11-07,11317,Casa,Cafeteira,Centro-Oeste,Site,2,260.1,520.2
2024-11-07,11318,Esporte,Bicicleta,Sudeste,Loja Física,1,1599.0,1599.0
2024-11-07,11319,Esporte,Bicicleta,Norte,App,2,1439.1,2878.2
2024-11-07,11320,Moda,Tênis Esportivo,Sudeste,Site,3,399.0,1197.0
2024-11-07,11321,Esporte,Tapete Yoga,Sudeste,Site,2,99.0,198.0
2024-11-07,11322,Esporte,Bicicleta,Sudeste,App,1,1439.1,1439.1
2024-11-07,11323,Casa,Aspirador Robô,Norte,App,3,1299.0,3897.0
2024-11-08,11324,Informática,Teclado Mecânico,Nordeste,App,1,314.1,314.1
2024-11-08,11325,Eletrônicos,Fone Bluetooth,Centro-Oeste,Site,2,249.0,498.0
2024-11-08,11326,Casa,Aspirador Robô,Centro-Oeste,Site,3,1234.05,3702.15
2024-11-08,11327,Informática,"Monitor 24""",Sudeste,Site,2,999.0,1998.0
2024-11-08,11328,Eletrônicos,Smartphone,Sudeste,Loja Física,3,1709.1,5127.3
2024-11-08,11329,Casa,Aspirador Robô,Sul,Site,2,1169.1,2338.2
2024-11-08,11330,Moda,Mochila,Norte,App,1,179.0,179.0
2024-11-08,11331,Casa,Cafeteira,Sudeste,App,1,260.1,260.1
2024-11-08,11332,Eletrônicos,Fone Bluetooth,Sudeste,Site,3,249.0,747.0
2024-11-08,11333,Esporte,Halteres 10kg,Sudeste,App,3,170.1,510.3
2024-11-08,11334,Moda,Relógio,Nordeste,App,1,329.0,329.0
2024-11-08,11335,Esporte,Tapete Yoga,Sul,Loja Física,1,99.0,99.0
2024-11-08,11336,Eletrônicos,Smartwatch,Sudeste,App,2,809.1,1618.2
2024-11-08,11337,Moda,Relógio,Sul,Loja Física,2,312.55,625.1
2024-11-08,11338,Informática,Teclado Mecânico,Sudeste,App,1,314.1,314.1
2024-11-08,11339,Eletrônicos,Fone Bluetooth,Centro-Oeste,Loja Física,1,211.65,211.65
2024-11-08,11340,Informática,Teclado Mecânico,Sul,Loja Física,3,331.55,994.65
2024-11-08,11341,Moda,Tênis Esportivo,Nordeste,Site,3,399.0,1197.0
2024-11-09,11342,Esporte,Halteres 10kg,Centro-Oeste,Site,2,189.0,378.0
2024-11-09,11343,Informática,"Monitor 24""",Sul,App,3,999.0,2997.0
2024-11-09,11344,Eletrônicos,Smartphone,Sudeste,App,2,1899.0,3798.0
2024-11-09,11345,Casa,Cafeteira,Nordeste,Site,2,289.0,578.0
2024-11-09,11346,Moda,Jaqueta,Sudeste,App,1,259.0,259.0
2024-11-10,11347,Informática,Teclado Mecânico,Nordeste,Site,3,349.0,1047.0
2024-11-10,11348,Moda,Tênis Esportivo,Centro-Oeste,Site,2,399.0,798.0
2024-11-10,11349,Casa,Aspirador Robô,Sul,App,1,1299.0,1299.0
2024-11-10,11350,Casa,Liquidificador,Centro-Oeste,App,2,179.1,358.2
2024-11-10,11351,Moda,Mochila,Sudeste,Loja Física,1,170.05,170.05
2024-11-10,11352,Casa,Cafeteira,Centro-Oeste,Loja Física,3,289.0,867.0
2024-11-10,11353,Esporte,Halteres 10kg,Sudeste,Site,1,189.0,189.0
2024-11-10,11354,Esporte,Halteres 10kg,Norte,Site,2,189.0,378.0
2024-11-10,11355,Moda,Jaqueta,Nordeste,Site,2,259.0,518.0
2024-11-11,11356,Moda,Jaqueta,Sudeste,App,1,233.1,233.1
2024-11-11,11357,Eletrônicos,Smartwatch,Sudeste,Site,1,899.0,899.0
2024-11-11,11358,Informática,SSD 1TB,Centro-Oeste,App,3,407.55,1222.65
2024-11-11,11359,Esporte,Bicicleta,Sudeste,Site,2,1599.0,3198.0
2024-11-11,11360,Moda,Relógio,Sudeste,Loja Física,2,312.55,625.1
2024-11-11,11361,Eletrônicos,Notebook,Centro-Oeste,Site,1,3999.0,3999.0
2024-11-11,11362,Informática,"Monitor 24""",Nordeste,App,2,999.0,1998.0
2024-11-12,11363,Esporte,Esteira,Nordeste,Loja Física,2,2799.0,5598.0
2024-11-12,11364,Informática,"Monitor 24""",Sul,Site,2,949.05,1898.1
2024-11-12,11365,Casa,Cafeteira,Nordeste,Site,2,289.0,578.0
2024-11-12,11366,Esporte,Halteres 10kg,Norte,App,3,189.0,567.0
2024-11-12,11367,Informática,Mouse Gamer,Sudeste,Site,2,151.05,302.1
2024-11-12,11368,Moda,Jaqueta,Sudeste,Loja Física,3,246.05,738.15
2024-11-13,11369,Casa,Air Fryer,Centro-Oeste,App,1,459.0,459.0
2024-11-13,11370,Moda,Relógio,Nordeste,Site,2,329.0,658.0
2024-11-13,11371,Informática,Mouse Gamer,Nordeste,Site,3,151.05,453.15
2024-11-13,11372,Esporte,Esteira,Nordeste,App,1,2799.0,2799.0
2024-11-13,11373,Informática,Mouse Gamer,Nordeste,Site,3,159.0,477.0
2024-11-13,11374,Eletrônicos,Smartwatch,Sudeste,App,1,899.0,899.0
2024-11-14,11375,Eletrônicos,Smartphone,Sudeste,App,2,1899.0,3798.0
2024-11-14,11376,Informática,Teclado Mecânico,Centro-Oeste,Site,2,349.0,698.0
2024-11-14,11377,Moda,Tênis Esportivo,Sul,Site,3,379.05,1137.15
2024-11-14,11378,Informática,SSD 1TB,Sudeste,App,3,429.0,1287.0
2024-11-14,11379,Moda,Relógio,Sudeste,App,2,279.65,559.3
2024-11-14,11380,Moda,Relógio,Sudeste,Loja Física,3,329.0,987.0
2024-11-14,11381,Eletrônicos,Smartphone,Centro-Oeste,Loja Física,3,1709.1,5127.3
2024-11-14,11382,Casa,Aspirador Robô,Norte,Site,3,1299.0,3897.0
2024-11-15,11383,Informática,"Monitor 24""",Sudeste,Site,3,999.0,2997.0
2024-11-15,11384,Informática,Teclado Mecânico,Sudeste,Site,2,349.0,698.0
2024-11-15,11385,Eletrônicos,Smartphone,Sudeste,App,1,1899.0,1899.0
2024-11-15,11386,Moda,Tênis Esportivo,Sudeste,Loja Física,2,399.0,798.0
2024-11-15,11387,Eletrônicos,Notebook,Nordeste,App,3,3599.1,10797.3
2024-11-15,11388,Informática,Teclado Mecânico,Centro-Oeste,App,3,349.0,1047.0
2024-11-15,11389,Informática,Teclado Mecânico,Norte,Site,2,349.0,698.0
2024-11-15,11390,Informática,Teclado Mecânico,Nordeste,Site,1,331.55,331.55
2024-11-16,11391,Casa,Aspirador Robô,Centro-Oeste,Loja Física,3,1234.05,3702.15
2024-11-16,11392,Eletrônicos,Fone Bluetooth,Sul,Site,3,224.1,672.3
2024-11-16,11393,Eletrônicos,Smartwatch,Nordeste,Site,2,764.15,1528.3
2024-11-16,11394,Esporte,Tapete Yoga,Nordeste,Loja Física,3,89.1,267.3
2024-11-16,11395,Eletrônicos,Fone Bluetooth,Centro-Oeste,Site,3,249.0,747.0
2024-11-16,11396,Esporte,Bicicleta,Sul,Site,2,1599.0,3198.0
2024-11-17,11397,Informática,Mouse Gamer,Nordeste,Site,2,151.05,302.1
2024-11-17,11398,Informática,"Monitor 24""",Sudeste,Loja Física,2,999.0,1998.0
2024-11-17,11399,Eletrônicos,Notebook,Sudeste,App,2,3999.0,7998.0
2024-11-17,11400,Informática,Teclado Mecânico,Sul,Site,3,349.0,1047.0
2024-11-17,11401,Eletrônicos,Fone Bluetooth,Centro-Oeste,Site,3,249.0,747.0
2024-11-17,11402,Informática,Mouse Gamer,Centro-Oeste,Site,2,159.0,318.0
2024-11-17,11403,Eletrônicos,Notebook,Norte,Site,2,3999.0,7998.0
2024-11-17,11404,Esporte,Esteira,Sul,App,3,2379.15,7137.45
2024-11-17,11405,Esporte,Halteres 10kg,Nordeste,Loja Física,2,170.1,340.2
2024-11-17,11406,Moda,Tênis Esportivo,Sudeste,App,2,399.0,798.0
2024-11-17,11407,Casa,Liquidificador,Sul,App,1,199.0,199.0
2024-11-17,11408,Moda,Jaqueta,Sudeste,Site,3,259.0,777.0
2024-11-17,11409,Esporte,Bicicleta,Sul,Site,1,1599.0,1599.0
2024-11-17,11410,Esporte,Halteres 10kg,Sul,Site,2,160.65,321.3
2024-11-18,11411,Esporte,Tapete Yoga,Sudeste,Site,1,99.0,99.0
2024-11-18,11412,Eletrônicos,Fone Bluetooth,Norte,Site,1,249.0,249.0
2024-11-18,11413,Eletrônicos,Smartwatch,Sul,Loja Física,2,899.0,1798.0
2024-11-18,11414,Eletrônicos,Smartwatch,Nordeste,App,1,899.0,899.0
2024-11-18,11415,Informática,"Monitor 24""",Centro-Oeste,App,2,999.0,1998.0
2024-11-18,11416,Eletrônicos,Notebook,Sudeste,Loja Física,2,3999.0,7998.0
2024-11-18,11417,Eletrônicos,Fone Bluetooth,Sul,Site,3,224.1,672.3
2024-11-18,11418,Eletrônicos,Smartphone,Sudeste,App,2,1804.05,3608.1
2024-11-19,11419,Eletrônicos,Smartphone,Sudeste,Site,2,1899.0,3798.0
2024-11-19,11420,Moda,Jaqueta,Nordeste,App,1,259.0,259.0
2024-11-19,11421,Esporte,Halteres 10kg,Sudeste,App,3,170.1,510.3
2024-11-19,11422,Informática,Mouse Gamer,Centro-Oeste,App,2,159.0,318.0
2024-11-19,11423,Informática,SSD 1TB,Sudeste,Site,1,429.0,429.0
2024-11-19,11424,Esporte,Esteira,Sudeste,Site,2,2799.0,5598.0
2024-11-19,11425,Esporte,Halteres 10kg,Norte,Site,2,179.55,359.1
2024-11-19,11426,Moda,Tênis Esportivo,Nordeste,App,2,339.15,678.3
2024-11-19,11427,Eletrônicos,Fone Bluetooth,Nordeste,App,1,224.1,224.1
2024-11-19,11428,Eletrônicos,Fone Bluetooth,Sudeste,App,2,249.0,498.0
2024-11-19,11429,Esporte,Esteira,Norte,Site,1,2799.0,2799.0
2024-11-19,11430,Eletrônicos,Fone Bluetooth,Centro-Oeste,App,2,236.55,473.1
2024-11-19,11431,Esporte,Tapete Yoga,Centro-Oeste,App,1,89.1,89.1
2024-11-19,11432,Eletrônicos,Fone Bluetooth,Sul,Site,2,249.0,498.0
2024-11-20,11433,Moda,Jaqueta,Sul,Loja Física,3,220.15,660.45
2024-11-20,11434,Moda,Relógio,Sudeste,Site,3,312.55,937.65
2024-11-20,11435,Moda,Relógio,Centro-Oeste,Site,1,329.0,329.0
2024-11-20,11436,Casa,Liquidificador,Norte,Site,3,199.0,597.0
2024-11-20,11437,Casa,Air Fryer,Norte,App,3,459.0,1377.0
2024-11-20,11438,Moda,Tênis Esportivo,Norte,App,1,399.0,399.0
2024-11-21,11439,Casa,Air Fryer,Sudeste,Site,3,459.0,1377.0
2024-11-21,11440,Eletrônicos,Smartphone,Centro-Oeste,App,1,1804.05,1804.05
2024-11-21,11441,Moda,Tênis Esportivo,Nordeste,App,2,399.0,798.0
2024-11-21,11442,Moda,Mochila,Centro-Oeste,Loja Física,2,179.0,358.0
2024-11-21,11443,Esporte,Esteira,Sudeste,App,2,2519.1,5038.2
2024-11-21,11444,Esporte,Tapete Yoga,Sudeste,Loja Física,2,99.0,198.0
2024-11-21,11445,Moda,Mochila,Sul,App,3,179.0,537.0
2024-11-21,11446,Informática,SSD 1TB,Sul,App,3,429.0,1287.0
2024-11-21,11447,Casa,Cafeteira,Sudeste,Site,1,289.0,289.0
2024-11-21,11448,Casa,Cafeteira,Sudeste,App,3,289.0,867.0
2024-11-21,11449,Esporte,Tapete Yoga,Nordeste,Site,1,99.0,99.0
2024-11-22,11450,Casa,Air Fryer,Sul,App,2,459.0,918.0
2024-11-22,11451,Esporte,Bicicleta,Sudeste,Loja Física,2,1519.05,3038.1
2024-11-22,11452,Moda,Relógio,Sudeste,Site,3,329.0,987.0
2024-11-22,11453,Esporte,Bicicleta,Centro-Oeste,Site,2,1439.1,2878.2
2024-11-23,11454,Casa,Liquidificador,Centro-Oeste,App,3,199.0,597.0
2024-11-23,11455,Informática,Mouse Gamer,Sul,Site,1,159.0,159.0
2024-11-23,11456,Moda,Jaqueta,Sudeste,Site,3,233.1,699.3
2024-11-23,11457,Casa,Aspirador Robô,Nordeste,Site,2,1299.0,2598.0
2024-11-23,11458,Eletrônicos,Fone Bluetooth,Nordeste,Site,3,249.0,747.0
2024-11-23,11459,Eletrônicos,Smartphone,Centro-Oeste,Loja Física,1,1709.1,1709.1
2024-11-24,11460,Eletrônicos,Notebook,Sul,Loja Física,2,3999.0,7998.0
2024-11-24,11461,Esporte,Bicicleta,Sudeste,Site,1,1599.0,1599.0
2024-11-24,11462,Moda,Jaqueta,Sudeste,App,2,259.0,518.0
2024-11-24,11463,Casa,Aspirador Robô,Sudeste,Site,1,1169.1,1169.1
2024-11-24,11464,Moda,Mochila,Sudeste,Site,2,179.0,358.0
2024-11-24,11465,Casa,Air Fryer,Sul,Site,2,390.15,780.3
2024-11-24,11466,Informática,"Monitor 24""",Sul,Site,2,949.05,1898.1
2024-11-24,11467,Eletrônicos,Fone Bluetooth,Sul,App,2,249.0,498.0
2024-11-25,11468,Eletrônicos,Notebook,Norte,Loja Física,1,3599.1,3599.1
2024-11-25,11469,Eletrônicos,Notebook,Centro-Oeste,App,1,3999.0,3999.0
2024-11-25,11470,Eletrônicos,Fone Bluetooth,Sul,App,3,249.0,747.0
2024-11-25,11471,Casa,Air Fryer,Sudeste,Site,2,459.0,918.0
2024-11-25,11472,Esporte,Halteres 10kg,Nordeste,App,3,179.55,538.65
2024-11-25,11473,Informática,Teclado Mecânico,Sudeste,App,2,314.1,628.2
2024-11-25,11474,Moda,Mochila,Sudeste,Loja Física,1,179.0,179.0
2024-11-25,11475,Moda,Tênis Esportivo,Sudeste,App,1,379.05,379.05
2024-11-25,11476,Casa,Liquidificador,Sudeste,Loja Física,3,199.0,597.0
2024-11-25,11477,Casa,Air Fryer,Centro-Oeste,App,2,390.15,780.3
2024-11-25,11478,Eletrônicos,Fone Bluetooth,Nordeste,App,2,224.1,448.2
2024-11-25,11479,Informática,SSD 1TB,Sudeste,App,1,429.0,429.0
2024-11-25,11480,Moda,Mochila,Sul,Loja Física,2,179.0,358.0
2024-11-25,11481,Esporte,Halteres 10kg,Sudeste,App,3,189.0,567.0
2024-11-25,11482,Eletrônicos,Notebook,Centro-Oeste,Site,2,3999.0,7998.0
2024-11-26,11483,Eletrônicos,Smartwatch,Sudeste,Loja Física,3,899.0,2697.0
2024-11-26,11484,Moda,Tênis Esportivo,Sudeste,App,2,399.0,798.0
2024-11-26,11485,Moda,Tênis Esportivo,Sudeste,App,3,379.05,1137.15
2024-11-26,11486,Casa,Aspirador Robô,Centro-Oeste,Site,1,1169.1,1169.1
2024-11-26,11487,Informática,"Monitor 24""",Sudeste,App,3,849.15,2547.45
2024-11-26,11488,Casa,Aspirador Robô,Sul,Site,3,1299.0,3897.0
2024-11-26,11489,Casa,Aspirador Robô,Sudeste,Site,1,1104.15,1104.15
2024-11-26,11490,Informática,Mouse Gamer,Nordeste,App,3,143.1,429.3
2024-11-26,11491,Moda,Jaqueta,Sudeste,Loja Física,2,259.0,518.0
2024-11-26,11492,Moda,Tênis Esportivo,Sudeste,Loja Física,3,399.0,1197.0
2024-11-26,11493,Moda,Tênis Esportivo,Sudeste,Site,1,399.0,399.0
2024-11-27,11494,Informática,SSD 1TB,Sudeste,Loja Física,3,429.0,1287.0
2024-11-27,11495,Eletrônicos,Smartphone,Centro-Oeste,App,2,1899.0,3798.0
2024-11-27,11496,Casa,Liquidificador,Nordeste,Loja Física,3,189.05,567.15
2024-11-27,11497,Esporte,Tapete Yoga,Sul,Site,2,84.15,168.3
2024-11-27,11498,Casa,Aspirador Robô,Sudeste,App,1,1234.05,1234.05
2024-11-27,11499,Eletrônicos,Notebook,Centro-Oeste,Site,1,3999.0,3999.0
2024-11-27,11500,Casa,Cafeteira,Sul,App,1,289.0,289.0
2024-11-27,11501,Eletrônicos,Fone Bluetooth,Sul,Site,2,224.1,448.2
2024-11-27,11502,Eletrônicos,Notebook,Nordeste,Site,3,3799.05,11397.15
2024-11-27,11503,Eletrônicos,Notebook,Sudeste,Loja Física,3,3999.0,11997.0
2024-11-27,11504,Casa,Cafeteira,Sudeste,App,2,289.0,578.0
2024-11-27,11505,Moda,Jaqueta,Nordeste,App,3,259.0,777.0
2024-11-27,11506,Eletrônicos,Smartwatch,Nordeste,App,1,899.0,899.0
2024-11-27,11507,Informática,"Monitor 24""",Norte,App,3,949.05,2847.15
2024-11-27,11508,Eletrônicos,Smartphone,Sudeste,Site,1,1804.05,1804.05
2024-11-28,11509,Esporte,Esteira,Sudeste,Site,2,2799.0,5598.0
2024-11-28,11510,Eletrônicos,Smartphone,Sudeste,Loja Física,2,1899.0,3798.0
2024-11-28,11511,Informática,Mouse Gamer,Sudeste,App,1,159.0,159.0
2024-11-28,11512,Informática,Mouse Gamer,Nordeste,Site,1,159.0,159.0
2024-11-28,11513,Moda,Relógio,Sudeste,Site,3,329.0,987.0
2024-11-28,11514,Esporte,Bicicleta,Sul,Site,1,1599.0,1599.0
2024-11-29,11515,Eletrônicos,Notebook,Sudeste,App,2,3999.0,7998.0
2024-11-29,11516,Esporte,Bicicleta,Nordeste,App,3,1519.05,4557.15
2024-11-29,11517,Eletrônicos,Smartphone,Centro-Oeste,Site,2,1804.05,3608.1
2024-11-29,11518,Moda,Mochila,Sudeste,Site,1,170.05,170.05
2024-11-29,11519,Eletrônicos,Smartwatch,Sudeste,Site,3,899.0,2697.0
2024-11-29,11520,Casa,Air Fryer,Sudeste,Site,3,459.0,1377.0
2024-11-29,11521,Casa,Air Fryer,Sul,Site,1,459.0,459.0
2024-11-29,11522,Eletrônicos,Fone Bluetooth,Sul,Site,2,249.0,498.0
2024-11-29,11523,Casa,Air Fryer,Nordeste,Site,2,459.0,918.0
2024-11-29,11524,Eletrônicos,Notebook,Sudeste,Site,3,3799.05,11397.15
2024-11-30,11525,Esporte,Esteira,Norte,Loja Física,1,2799.0,2799.0
2024-11-30,11526,Moda,Mochila,Sudeste,Site,2,179.0,358.0
2024-11-30,11527,Eletrônicos,Fone Bluetooth,Nordeste,Site,2,249.0,498.0
2024-11-30,11528,Informática,SSD 1TB,Nordeste,App,2,429.0,858.0
2024-11-30,11529,Casa,Air Fryer,Nordeste,App,3,459.0,1377.0
2024-12-01,11530,Moda,Tênis Esportivo,Sudeste,Site,1,399.0,399.0
2024-12-01,11531,Esporte,Esteira,Nordeste,Site,1,2799.0,2799.0
2024-12-01,11532,Eletrônicos,Fone Bluetooth,Norte,App,2,236.55,473.1
2024-12-01,11533,Moda,Tênis Esportivo,Nordeste,App,3,339.15,1017.45
2024-12-01,11534,Eletrônicos,Smartphone,Sul,App,3,1899.0,5697.0
2024-12-01,11535,Informática,SSD 1TB,Sudeste,Loja Física,1,429.0,429.0
2024-12-01,11536,Informática,Mouse Gamer,Sudeste,App,1,151.05,151.05
2024-12-01,11537,Eletrônicos,Fone Bluetooth,Centro-Oeste,Loja Física,2,224.1,448.2
2024-12-01,11538,Informática,Mouse Gamer,Sul,App,1,151.05,151.05
2024-12-01,11539,Casa,Cafeteira,Sudeste,Site,2,289.0,578.0
2024-12-02,11540,Moda,Tênis Esportivo,Centro-Oeste,Loja Física,3,359.1,1077.3
2024-12-02,11541,Informática,SSD 1TB,Norte,Site,2,364.65,729.3
2024-12-02,11542,Casa,Aspirador Robô,Nordeste,Loja Física,3,1234.05,3702.15
2024-12-02,11543,Eletrônicos,Notebook,Nordeste,Loja Física,1,3799.05,3799.05
2024-12-02,11544,Casa,Aspirador Robô,Norte,Site,3,1234.05,3702.15
2024-12-03,11545,Informática,Mouse Gamer,Sudeste,App,2,151.05,302.1
2024-12-03,11546,Moda,Tênis Esportivo,Sudeste,App,1,399.0,399.0
2024-12-03,11547,Informática,SSD 1TB,Sul,App,1,386.1,386.1
2024-12-03,11548,Casa,Air Fryer,Sudeste,Site,3,459.0,1377.0
2024-12-03,11549,Moda,Mochila,Centro-Oeste,Loja Física,2,179.0,358.0
2024-12-04,11550,Casa,Aspirador Robô,Sudeste,Site,2,1299.0,2598.0
2024-12-04,11551,Casa,Aspirador Robô,Sudeste,App,3,1169.1,3507.3
2024-12-04,11552,Casa,Cafeteira,Centro-Oeste,App,1,289.0,289.0
2024-12-04,11553,Moda,Tênis Esportivo,Norte,App,2,379.05,758.1
2024-12-04,11554,Casa,Air Fryer,Sudeste,Site,1,459.0,459.0
2024-12-04,11555,Informática,"Monitor 24""",Nordeste,App,3,999.0,2997.0
2024-12-05,11556,Moda,Relógio,Sudeste,Loja Física,1,329.0,329.0
2024-12-05,11557,Eletrônicos,Smartwatch,Sudeste,Site,3,809.1,2427.3
2024-12-05,11558,Informática,Mouse Gamer,Sudeste,Site,3,159.0,477.0
2024-12-05,11559,Informática,"Monitor 24""",Sul,Site,1,999.0,999.0
2024-12-05,11560,Moda,Mochila,Centro-Oeste,App,2,179.0,358.0
2024-12-06,11561,Moda,Jaqueta,Norte,Site,2,246.05,492.1
2024-12-06,11562,Casa,Aspirador Robô,Sudeste,Site,2,1234.05,2468.1
2024-12-06,11563,Casa,Liquidificador,Sudeste,Site,2,169.15,338.3
2024-12-07,11564,Esporte,Halteres 10kg,Nordeste,Site,3,179.55,538.65
2024-12-07,11565,Esporte,Esteira,Sudeste,App,2,2799.0,5598.0
2024-12-07,11566,Casa,Cafeteira,Sul,Site,1,245.65,245.65
2024-12-07,11567,Informática,"Monitor 24""",Nordeste,Site,3,999.0,2997.0
2024-12-08,11568,Moda,Jaqueta,Centro-Oeste,Site,3,259.0,777.0
2024-12-08,11569,Eletrônicos,Notebook,Centro-Oeste,App,3,3999.0,11997.0
2024-12-08,11570,Eletrônicos,Notebook,Sul,App,2,3999.0,7998.0
2024-12-08,11571,Esporte,Tapete Yoga,Sudeste,Loja Física,2,94.05,188.1
2024-12-08,11572,Casa,Air Fryer,Centro-Oeste,Site,1,459.0,459.0
2024-12-08,11573,Esporte,Bicicleta,Norte,Loja Física,3,1599.0,4797.0
2024-12-08,11574,Informática,Teclado Mecânico,Nordeste,Loja Física,2,296.65,593.3
2024-12-08,11575,Eletrônicos,Smartphone,Sudeste,App,1,1899.0,1899.0
2024-12-09,11576,Casa,Liquidificador,Sudeste,Loja Física,3,179.1,537.3
2024-12-09,11577,Eletrônicos,Smartwatch,Nordeste,Loja Física,1,899.0,899.0
2024-12-09,11578,Moda,Mochila,Centro-Oeste,App,1,152.15,152.15
2024-12-09,11579,Esporte,Esteira,Centro-Oeste,Site,1,2659.05,2659.05
2024-12-10,11580,Casa,Liquidificador,Sudeste,Site,2,199.0,398.0
2024-12-10,11581,Moda,Jaqueta,Sudeste,Site,3,259.0,777.0
2024-12-10,11582,Moda,Tênis Esportivo,Sudeste,Site,2,339.15,678.3
2024-12-10,11583,Informática,"Monitor 24""",Centro-Oeste,Loja Física,1,949.05,949.05
2024-12-10,11584,Esporte,Esteira,Sudeste,Loja Física,2,2379.15,4758.3
2024-12-10,11585,Esporte,Tapete Yoga,Nordeste,Site,2,99.0,198.0
2024-12-10,11586,Esporte,Halteres 10kg,Sul,App,2,189.0,378.0
2024-12-10,11587,Eletrônicos,Notebook,Nordeste,App,2,3999.0,7998.0
2024-12-11,11588,Informática,SSD 1TB,Sudeste,Site,2,429.0,858.0
2024-12-11,11589,Esporte,Bicicleta,Centro-Oeste,App,1,1599.0,1599.0
2024-12-11,11590,Eletrônicos,Fone Bluetooth,Sul,Site,2,236.55,473.1
2024-12-11,11591,Esporte,Bicicleta,Sul,Site,1,1599.0,1599.0
2024-12-11,11592,Informática,Mouse Gamer,Sudeste,App,2,135.15,270.3
2024-12-12,11593,Eletrônicos,Notebook,Sul,App,2,3999.0,7998.0
2024-12-12,11594,Esporte,Tapete Yoga,Norte,Loja Física,3,94.05,282.15
2024-12-12,11595,Esporte,Halteres 10kg,Sudeste,App,1,160.65,160.65
2024-12-12,11596,Esporte,Halteres 10kg,Sudeste,App,1,179.55,179.55
2024-12-12,11597,Eletrônicos,Notebook,Nordeste,App,1,3999.0,3999.0
2024-12-12,11598,Casa,Liquidificador,Sudeste,Site,2,199.0,398.0
2024-12-12,11599,Eletrônicos,Smartwatch,Sudeste,App,3,854.05,2562.15
2024-12-12,11600,Informática,Teclado Mecânico,Sudeste,Site,1,349.0,349.0
2024-12-12,11601,Eletrônicos,Notebook,Norte,App,2,3999.0,7998.0
2024-12-12,11602,Informática,Mouse Gamer,Sudeste,Site,3,159.0,477.0
2024-12-12,11603,Informática,Teclado Mecânico,Nordeste,App,1,314.1,314.1
2024-12-13,11604,Informática,Teclado Mecânico,Sudeste,Site,1,331.55,331.55
2024-12-13,11605,Casa,Liquidificador,Sul,App,3,199.0,597.0
2024-12-13,11606,Esporte,Halteres 10kg,Sudeste,Site,1,189.0,189.0
2024-12-13,11607,Moda,Relógio,Nordeste,App,1,279.65,279.65
2024-12-13,11608,Moda,Jaqueta,Sul,Site,3,246.05,738.15
2024-12-14,11609,Moda,Jaqueta,Sul,Site,2,220.15,440.3
2024-12-14,11610,Eletrônicos,Smartphone,Nordeste,Site,1,1709.1,1709.1
2024-12-14,11611,Informática,Mouse Gamer,Sudeste,Site,1,143.1,143.1
2024-12-14,11612,Moda,Jaqueta,Nordeste,Loja Física,1,259.0,259.0
2024-12-14,11613,Esporte,Tapete Yoga,Norte,Site,1,99.0,99.0
2024-12-14,11614,Moda,Tênis Esportivo,Sudeste,Loja Física,2,379.05,758.1
2024-12-15,11615,Informática,Teclado Mecânico,Norte,Site,1,331.55,331.55
2024-12-15,11616,Moda,Relógio,Sudeste,Site,2,329.0,658.0
2024-12-15,11617,Eletrônicos,Fone Bluetooth,Nordeste,Loja Física,2,249.0,498.0
2024-12-15,11618,Casa,Air Fryer,Nordeste,App,1,459.0,459.0
2024-12-15,11619,Informática,SSD 1TB,Centro-Oeste,Site,1,429.0,429.0
2024-12-15,11620,Informática,"Monitor 24""",Sudeste,App,2,849.15,1698.3
2024-12-15,11621,Informática,SSD 1TB,Sul,Loja Física,2,407.55,815.1
2024-12-15,11622,Eletrônicos,Notebook,Sudeste,App,3,3599.1,10797.3
2024-12-15,11623,Esporte,Tapete Yoga,Sudeste,Loja Física,1,94.05,94.05
2024-12-16,11624,Moda,Tênis Esportivo,Sul,Site,1,359.1,359.1
2024-12-16,11625,Eletrônicos,Smartphone,Nordeste,Site,3,1709.1,5127.3
2024-12-16,11626,Casa,Air Fryer,Sudeste,Loja Física,1,459.0,459.0
2024-12-16,11627,Eletrônicos,Fone Bluetooth,Sudeste,Site,2,236.55,473.1
2024-12-16,11628,Eletrônicos,Smartwatch,Sul,Loja Física,2,899.0,1798.0
2024-12-16,11629,Casa,Liquidificador,Sudeste,App,2,189.05,378.1
2024-12-16,11630,Informática,Mouse Gamer,Sudeste,Loja Física,1,159.0,159.0
2024-12-17,11631,Informática,"Monitor 24""",Sul,Site,3,999.0,2997.0
2024-12-17,11632,Casa,Aspirador Robô,Nordeste,Site,1,1234.05,1234.05
2024-12-17,11633,Esporte,Halteres 10kg,Centro-Oeste,Site,1,179.55,179.55
2024-12-17,11634,Moda,Relógio,Sudeste,Site,2,329.0,658.0
2024-12-17,11635,Esporte,Bicicleta,Nordeste,App,2,1599.0,3198.0
2024-12-17,11636,Esporte,Bicicleta,Nordeste,Site,2,1439.1,2878.2
2024-12-18,11637,Moda,Jaqueta,Sul,App,1,246.05,246.05
2024-12-18,11638,Casa,Air Fryer,Centro-Oeste,App,1,436.05,436.05
2024-12-18,11639,Eletrônicos,Smartwatch,Nordeste,Loja Física,1,899.0,899.0
2024-12-18,11640,Esporte,Esteira,Norte,Site,2,2799.0,5598.0
2024-12-18,11641,Eletrônicos,Notebook,Sudeste,App,1,3999.0,3999.0
2024-12-18,11642,Eletrônicos,Notebook,Sul,Loja Física,3,3999.0,11997.0
2024-12-18,11643,Informática,SSD 1TB,Nordeste,Loja Física,1,429.0,429.0
2024-12-18,11644,Informática,Teclado Mecânico,Nordeste,App,2,349.0,698.0
2024-12-18,11645,Informática,"Monitor 24""",Nordeste,App,3,949.05,2847.15
2024-12-19,11646,Esporte,Esteira,Norte,Loja Física,2,2799.0,5598.0
2024-12-19,11647,Moda,Mochila,Sul,Loja Física,3,170.05,510.15
2024-12-19,11648,Casa,Air Fryer,Sul,Site,1,459.0,459.0
2024-12-19,11649,Informática,"Monitor 24""",Sul,App,3,999.0,2997.0
2024-12-19,11650,Moda,Jaqueta,Sudeste,App,3,259.0,777.0
2024-12-19,11651,Moda,Jaqueta,Sudeste,App,3,259.0,777.0
2024-12-19,11652,Moda,Jaqueta,Sul,Loja Física,2,259.0,518.0
2024-12-19,11653,Casa,Aspirador Robô,Sudeste,App,2,1234.05,2468.1
2024-12-19,11654,Informática,"Monitor 24""",Sudeste,Loja Física,2,999.0,1998.0
2024-12-20,11655,Moda,Mochila,Sudeste,Site,2,161.1,322.2
2024-12-20,11656,Esporte,Bicicleta,Sudeste,Site,1,1359.15,1359.15
2024-12-20,11657,Esporte,Esteira,Nordeste,Site,3,2799.0,8397.0
2024-12-20,11658,Casa,Air Fryer,Sudeste,Loja Física,1,459.0,459.0
2024-12-20,11659,Moda,Mochila,Nordeste,Loja Física,3,179.0,537.0
2024-12-20,11660,Moda,Mochila,Nordeste,App,2,152.15,304.3
2024-12-21,11661,Moda,Tênis Esportivo,Sudeste,App,2,339.15,678.3
2024-12-21,11662,Eletrônicos,Fone Bluetooth,Sudeste,App,2,236.55,473.1
2024-12-21,11663,Esporte,Esteira,Nordeste,Site,2,2799.0,5598.0
2024-12-21,11664,Casa,Air Fryer,Sudeste,Loja Física,2,459.0,918.0
2024-12-21,11665,Casa,Air Fryer,Sudeste,Site,2,413.1,826.2
2024-12-21,11666,Esporte,Tapete Yoga,Nordeste,Site,1,89.1,89.1
2024-12-21,11667,Esporte,Esteira,Sul,Site,3,2799.0,8397.0
2024-12-21,11668,Eletrônicos,Fone Bluetooth,Sul,App,3,249.0,747.0
2024-12-21,11669,Casa,Liquidificador,Sudeste,Loja Física,1,179.1,179.1
2024-12-21,11670,Casa,Cafeteira,Sudeste,Loja Física,1,274.55,274.55
2024-12-22,11671,Eletrônicos,Fone Bluetooth,Sudeste,Site,1,249.0,249.0
2024-12-22,11672,Eletrônicos,Notebook,Nordeste,App,2,3999.0,7998.0
2024-12-22,11673,Informática,Mouse Gamer,Nordeste,App,2,151.05,302.1
2024-12-22,11674,Eletrônicos,Notebook,Sudeste,App,1,3599.1,3599.1
2024-12-22,11675,Moda,Tênis Esportivo,Nordeste,Site,1,399.0,399.0
2024-12-22,11676,Moda,Tênis Esportivo,Nordeste,Site,2,399.0,798.0
2024-12-22,11677,Moda,Tênis Esportivo,Sudeste,Loja Física,1,399.0,399.0
2024-12-22,11678,Moda,Relógio,Sudeste,App,3,296.1,888.3
2024-12-22,11679,Esporte,Tapete Yoga,Sudeste,Loja Física,3,94.05,282.15
2024-12-22,11680,Eletrônicos,Notebook,Sul,Site,2,3999.0,7998.0
2024-12-23,11681,Casa,Liquidificador,Norte,Site,2,199.0,398.0
2024-12-23,11682,Casa,Aspirador Robô,Nordeste,Site,3,1234.05,3702.15
2024-12-23,11683,Informática,Mouse Gamer,Sudeste,App,1,159.0,159.0
2024-12-23,11684,Casa,Liquidificador,Nordeste,Loja Física,3,199.0,597.0
2024-12-23,11685,Esporte,Esteira,Sudeste,Site,3,2659.05,7977.15
2024-12-23,11686,Moda,Jaqueta,Nordeste,Loja Física,3,246.05,738.15
2024-12-23,11687,Moda,Tênis Esportivo,Sudeste,App,3,379.05,1137.15
2024-12-24,11688,Informática,"Monitor 24""",Sudeste,App,2,999.0,1998.0
2024-12-24,11689,Eletrônicos,Smartwatch,Nordeste,Loja Física,3,899.0,2697.0
2024-12-24,11690,Esporte,Halteres 10kg,Sudeste,Loja Física,3,189.0,567.0
2024-12-24,11691,Casa,Cafeteira,Sudeste,Loja Física,2,274.55,549.1
2024-12-24,11692,Informática,"Monitor 24""",Norte,Loja Física,1,949.05,949.05
2024-12-24,11693,Informática,SSD 1TB,Norte,Loja Física,3,429.0,1287.0
2024-12-24,11694,Esporte,Esteira,Sudeste,App,2,2799.0,5598.0
2024-12-24,11695,Informática,"Monitor 24""",Sul,Site,2,999.0,1998.0
2024-12-25,11696,Casa,Cafeteira,Sudeste,Site,3,260.1,780.3
2024-12-25,11697,Eletrônicos,Notebook,Sudeste,App,1,3799.05,3799.05
2024-12-25,11698,Eletrônicos,Notebook,Sul,Site,2,3999.0,7998.0
2024-12-26,11699,Casa,Cafeteira,Norte,App,1,274.55,274.55
2024-12-26,11700,Eletrônicos,Notebook,Sudeste,Loja Física,2,3599.1,7198.2
2024-12-26,11701,Casa,Liquidificador,Sudeste,Site,3,199.0,597.0
2024-12-26,11702,Eletrônicos,Fone Bluetooth,Nordeste,Loja Física,3,249.0,747.0
2024-12-27,11703,Moda,Relógio,Sul,Site,2,329.0,658.0
2024-12-27,11704,Eletrônicos,Notebook,Nordeste,App,1,3799.05,3799.05
2024-12-27,11705,Casa,Cafeteira,Centro-Oeste,App,1,274.55,274.55
2024-12-27,11706,Casa,Air Fryer,Centro-Oeste,Site,2,413.1,826.2
2024-12-27,11707,Informática,SSD 1TB,Sudeste,App,3,429.0,1287.0
2024-12-27,11708,Esporte,Esteira,Sul,Site,2,2659.05,5318.1
2024-12-27,11709,Moda,Tênis Esportivo,Nordeste,Site,2,399.0,798.0
2024-12-27,11710,Esporte,Tapete Yoga,Sudeste,App,2,99.0,198.0
2024-12-27,11711,Informática,"Monitor 24""",Nordeste,App,2,999.0,1998.0
2024-12-28,11712,Eletrônicos,Smartwatch,Sudeste,App,2,854.05,1708.1
2024-12-28,11713,Eletrônicos,Fone Bluetooth,Sudeste,Loja Física,2,249.0,498.0
2024-12-28,11714,Informática,"Monitor 24""",Sudeste,Site,1,999.0,999.0
2024-12-28,11715,Casa,Air Fryer,Sudeste,Site,1,459.0,459.0
2024-12-28,11716,Moda,Tênis Esportivo,Nordeste,App,2,399.0,798.0
2024-12-28,11717,Eletrônicos,Fone Bluetooth,Nordeste,Site,1,224.1,224.1
2024-12-28,11718,Informática,Mouse Gamer,Sudeste,Site,2,151.05,302.1
2024-12-29,11719,Moda,Tênis Esportivo,Centro-Oeste,Loja Física,2,359.1,718.2
2024-12-29,11720,Informática,"Monitor 24""",Sudeste,Site,2,999.0,1998.0
2024-12-29,11721,Esporte,Tapete Yoga,Sul,App,2,99.0,198.0
2024-12-29,11722,Casa,Air Fryer,Nordeste,Loja Física,1,436.05,436.05
2024-12-30,11723,Eletrônicos,Smartwatch,Sudeste,Site,2,899.0,1798.0
2024-12-30,11724,Esporte,Tapete Yoga,Sul,Loja Física,2,99.0,198.0
2024-12-31,11725,Moda,Tênis Esportivo,Nordeste,App,2,399.0,798.0
2024-12-31,11726,Eletrônicos,Notebook,Sudeste,App,2,3999.0,7998.0
2024-12-31,11727,Informática,Mouse Gamer,Sul,Site,2,159.0,318.0
2024-12-31,11728,Esporte,Halteres 10kg,Norte,Site,3,189.0,567.0
2024-12-31,11729,Esporte,Tapete Yoga,Sudeste,Site,2,99.0,198.0
2025-01-01,11730,Moda,Relógio,Sudeste,Loja Física,2,329.0,658.0
2025-01-01,11731,Informática,"Monitor 24""",Centro-Oeste,App,2,999.0,1998.0
2025-01-01,11732,Moda,Relógio,Centro-Oeste,App,2,329.0,658.0
2025-01-01,11733,Esporte,Tapete Yoga,Nordeste,Loja Física,2,94.05,188.1
2025-01-01,11734,Moda,Tênis Esportivo,Nordeste,App,1,399.0,399.0
2025-01-02,11735,Esporte,Tapete Yoga,Sudeste,App,1,99.0,99.0
2025-01-02,11736,Informática,Teclado Mecânico,Centro-Oeste,Site,2,349.0,698.0
2025-01-02,11737,Moda,Mochila,Sudeste,Loja Física,2,179.0,358.0
2025-01-02,11738,Casa,Aspirador Robô,Nordeste,App,2,1299.0,2598.0
2025-01-02,11739,Moda,Tênis Esportivo,Sudeste,Loja Física,3,399.0,1197.0
2025-01-02,11740,Moda,Tênis Esportivo,Sudeste,App,1,399.0,399.0
2025-01-02,11741,Informática,"Monitor 24""",Nordeste,App,2,999.0,1998.0
2025-01-03,11742,Esporte,Bicicleta,Sudeste,Loja Física,2,1599.0,3198.0
2025-01-03,11743,Informática,SSD 1TB,Sul,App,3,407.55,1222.65
2025-01-03,11744,Casa,Air Fryer,Sudeste,App,1,459.0,459.0
2025-01-04,11745,Casa,Air Fryer,Sudeste,App,1,436.05,436.05
2025-01-04,11746,Informática,SSD 1TB,Norte,Site,3,429.0,1287.0
2025-01-04,11747,Moda,Mochila,Centro-Oeste,Site,3,170.05,510.15
2025-01-05,11748,Eletrônicos,Notebook,Nordeste,Loja Física,3,3999.0,11997.0
2025-01-05,11749,Moda,Relógio,Sudeste,Site,2,329.0,658.0
2025-01-06,11750,Esporte,Bicicleta,Sudeste,App,1,1599.0,1599.0
2025-01-06,11751,Eletrônicos,Fone Bluetooth,Sudeste,Site,1,249.0,249.0
2025-01-06,11752,Moda,Jaqueta,Norte,Site,1,259.0,259.0
2025-01-06,11753,Casa,Cafeteira,Sudeste,Site,2,289.0,578.0
2025-01-07,11754,Moda,Relógio,Norte,Site,1,329.0,329.0
2025-01-07,11755,Eletrônicos,Smartphone,Centro-Oeste,App,1,1899.0,1899.0
2025-01-07,11756,Esporte,Esteira,Nordeste,Site,2,2659.05,5318.1
2025-01-07,11757,Moda,Relógio,Nordeste,App,2,296.1,592.2
2025-01-07,11758,Esporte,Halteres 10kg,Sul,App,2,189.0,378.0
2025-01-07,11759,Informática,"Monitor 24""",Nordeste,Site,1,999.0,999.0
2025-01-08,11760,Informática,"Monitor 24""",Sudeste,Loja Física,1,949.05,949.05
2025-01-08,11761,Casa,Air Fryer,Nordeste,Loja Física,2,459.0,918.0
2025-01-09,11762,Eletrônicos,Notebook,Centro-Oeste,Site,1,3999.0,3999.0
2025-01-09,11763,Informática,SSD 1TB,Sul,Site,2,407.55,815.1
2025-01-09,11764,Eletrônicos,Smartphone,Sul,Site,3,1804.05,5412.15
2025-01-09,11765,Moda,Tênis Esportivo,Centro-Oeste,App,1,379.05,379.05
2025-01-09,11766,Esporte,Tapete Yoga,Sul,App,3,99.0,297.0
2025-01-09,11767,Moda,Tênis Esportivo,Centro-Oeste,App,1,379.05,379.05
2025-01-09,11768,Eletrônicos,Smartwatch,Sudeste,Site,1,764.15,764.15
2025-01-09,11769,Casa,Liquidificador,Centro-Oeste,App,3,179.1,537.3
2025-01-10,11770,Moda,Relógio,Sudeste,Site,1,296.1,296.1
2025-01-10,11771,Moda,Relógio,Sudeste,Site,1,329.0,329.0
2025-01-10,11772,Casa,Aspirador Robô,Sudeste,Site,1,1299.0,1299.0
2025-01-10,11773,Informática,Teclado Mecânico,Sudeste,Site,1,296.65,296.65
2025-01-10,11774,Eletrônicos,Smartwatch,Sul,Loja Física,3,899.0,2697.0
2025-01-10,11775,Informática,"Monitor 24""",Nordeste,Site,1,949.05,949.05
2025-01-11,11776,Informática,Teclado Mecânico,Sudeste,App,3,349.0,1047.0
2025-01-12,11777,Casa,Cafeteira,Centro-Oeste,Site,3,289.0,867.0
2025-01-12,11778,Moda,Tênis Esportivo,Sudeste,App,2,399.0,798.0
2025-01-13,11779,Eletrônicos,Smartphone,Centro-Oeste,Loja Física,3,1709.1,5127.3
2025-01-13,11780,Esporte,Bicicleta,Sudeste,Loja Física,1,1599.0,1599.0
2025-01-13,11781,Esporte,Bicicleta,Sudeste,App,1,1519.05,1519.05
2025-01-13,11782,Informática,Teclado Mecânico,Centro-Oeste,App,1,331.55,331.55
2025-01-13,11783,Esporte,Bicicleta,Sudeste,App,1,1599.0,1599.0
2025-01-13,11784,Eletrônicos,Smartwatch,Sudeste,Loja Física,2,899.0,1798.0
2025-01-14,11785,Informática,SSD 1TB,Nordeste,Loja Física,2,407.55,815.1
2025-01-14,11786,Eletrônicos,Smartwatch,Sul,App,2,854.05,1708.1
2025-01-14,11787,Moda,Mochila,Sudeste,Site,1,179.0,179.0
2025-01-15,11788,Casa,Cafeteira,Sul,App,2,289.0,578.0
2025-01-16,11789,Informática,Mouse Gamer,Nordeste,App,1,143.1,143.1
2025-01-16,11790,Moda,Relógio,Nordeste,App,3,312.55,937.65
2025-01-17,11791,Casa,Aspirador Robô,Sudeste,App,3,1299.0,3897.0
2025-01-17,11792,Moda,Mochila,Sudeste,Site,1,161.1,161.1
2025-01-18,11793,Informática,Mouse Gamer,Nordeste,Site,3,159.0,477.0
2025-01-18,11794,Informática,SSD 1TB,Norte,App,2,429.0,858.0
2025-01-19,11795,Eletrônicos,Smartphone,Sul,Site,3,1899.0,5697.0
2025-01-19,11796,Informática,"Monitor 24""",Nordeste,Loja Física,3,999.0,2997.0
2025-01-19,11797,Esporte,Esteira,Sudeste,App,1,2799.0,2799.0
2025-01-19,11798,Informática,Mouse Gamer,Norte,App,2,159.0,318.0
2025-01-19,11799,Informática,SSD 1TB,Sudeste,Site,3,364.65,1093.95
2025-01-19,11800,Casa,Cafeteira,Sul,Site,3,260.1,780.3
2025-01-19,11801,Eletrônicos,Notebook,Sudeste,Site,1,3599.1,3599.1
2025-01-19,11802,Moda,Jaqueta,Sul,App,2,246.05,492.1
2025-01-19,11803,Esporte,Tapete Yoga,Nordeste,App,3,99.0,297.0
2025-01-19,11804,Informática,Teclado Mecânico,Sul,Site,3,331.55,994.65
2025-01-19,11805,Informática,"Monitor 24""",Sul,App,1,999.0,999.0
2025-01-20,11806,Eletrônicos,Notebook,Sudeste,Site,1,3999.0,3999.0
2025-01-20,11807,Casa,Cafeteira,Centro-Oeste,App,1,289.0,289.0
2025-01-20,11808,Esporte,Esteira,Norte,App,1,2799.0,2799.0
2025-01-20,11809,Moda,Relógio,Nordeste,Loja Física,1,312.55,312.55
2025-01-20,11810,Informática,SSD 1TB,Sudeste,Loja Física,1,364.65,364.65
2025-01-20,11811,Casa,Aspirador Robô,Centro-Oeste,Site,1,1299.0,1299.0
2025-01-20,11812,Casa,Cafeteira,Nordeste,App,2,289.0,578.0
2025-01-20,11813,Casa,Aspirador Robô,Nordeste,App,3,1234.05,3702.15
2025-01-20,11814,Casa,Cafeteira,Sudeste,App,3,289.0,867.0
2025-01-20,11815,Casa,Air Fryer,Sul,App,3,436.05,1308.15
2025-01-21,11816,Informática,Mouse Gamer,Nordeste,App,1,151.05,151.05
2025-01-21,11817,Informática,Teclado Mecânico,Nordeste,App,3,349.0,1047.0
2025-01-21,11818,Casa,Liquidificador,Nordeste,Site,1,179.1,179.1
2025-01-22,11819,Casa,Aspirador Robô,Sudeste,Site,3,1299.0,3897.0
2025-01-22,11820,Moda,Mochila,Norte,Site,3,161.1,483.3
2025-01-22,11821,Moda,Mochila,Sudeste,App,3,179.0,537.0
2025-01-22,11822,Casa,Cafeteira,Sudeste,App,3,274.55,823.65
2025-01-22,11823,Moda,Tênis Esportivo,Sudeste,Loja Física,1,399.0,399.0
2025-01-22,11824,Eletrônicos,Smartwatch,Sudeste,App,2,899.0,1798.0
2025-01-23,11825,Esporte,Esteira,Nordeste,Site,2,2799.0,5598.0
2025-01-23,11826,Casa,Liquidificador,Nordeste,Site,2,199.0,398.0
2025-01-23,11827,Eletrônicos,Notebook,Sudeste,Loja Física,3,3399.15,10197.45
2025-01-24,11828,Informática,"Monitor 24""",Sudeste,Site,3,999.0,2997.0
2025-01-24,11829,Casa,Cafeteira,Sudeste,Site,3,274.55,823.65
2025-01-24,11830,Esporte,Esteira,Sudeste,Site,3,2799.0,8397.0
2025-01-24,11831,Moda,Mochila,Sudeste,App,3,170.05,510.15
2025-01-24,11832,Esporte,Esteira,Sudeste,Site,1,2519.1,2519.1
2025-01-24,11833,Informática,Teclado Mecânico,Sul,App,3,349.0,1047.0
2025-01-24,11834,Informática,"Monitor 24""",Sudeste,App,3,999.0,2997.0
2025-01-25,11835,Informática,SSD 1TB,Nordeste,Site,3,429.0,1287.0
2025-01-25,11836,Moda,Jaqueta,Nordeste,Site,1,220.15,220.15
2025-01-25,11837,Moda,Jaqueta,Centro-Oeste,Loja Física,1,259.0,259.0
2025-01-25,11838,Esporte,Halteres 10kg,Nordeste,App,2,179.55,359.1
2025-01-26,11839,Moda,Mochila,Sul,Site,3,170.05,510.15
2025-01-26,11840,Moda,Jaqueta,Sul,App,1,246.05,246.05
2025-01-27,11841,Informática,"Monitor 24""",Centro-Oeste,App,1,849.15,849.15
2025-01-27,11842,Casa,Air Fryer,Centro-Oeste,Site,1,459.0,459.0
2025-01-27,11843,Moda,Relógio,Sul,App,3,329.0,987.0
2025-01-27,11844,Moda,Relógio,Nordeste,Site,1,329.0,329.0
2025-01-28,11845,Esporte,Tapete Yoga,Sul,App,1,99.0,99.0
2025-01-28,11846,Casa,Aspirador Robô,Norte,Site,3,1299.0,3897.0
2025-01-28,11847,Eletrônicos,Smartwatch,Sudeste,Loja Física,2,899.0,1798.0
2025-01-28,11848,Esporte,Bicicleta,Sul,Loja Física,3,1599.0,4797.0
2025-01-28,11849,Moda,Tênis Esportivo,Sudeste,Loja Física,3,399.0,1197.0
2025-01-28,11850,Moda,Relógio,Sul,App,1,296.1,296.1
2025-01-28,11851,Moda,Jaqueta,Nordeste,App,2,233.1,466.2
2025-01-28,11852,Casa,Cafeteira,Sudeste,App,2,289.0,578.0
2025-01-28,11853,Esporte,Halteres 10kg,Sul,App,2,189.0,378.0
2025-01-29,11854,Casa,Air Fryer,Sul,Loja Física,3,436.05,1308.15
2025-01-29,11855,Eletrônicos,Notebook,Sudeste,Loja Física,3,3999.0,11997.0
2025-01-29,11856,Informática,Mouse Gamer,Centro-Oeste,App,3,151.05,453.15
2025-01-29,11857,Esporte,Halteres 10kg,Norte,Loja Física,3,189.0,567.0
2025-01-30,11858,Eletrônicos,Fone Bluetooth,Sudeste,App,2,249.0,498.0
2025-01-30,11859,Casa,Liquidificador,Sul,Loja Física,1,199.0,199.0
2025-01-30,11860,Moda,Mochila,Nordeste,Site,2,179.0,358.0
2025-01-30,11861,Moda,Tênis Esportivo,Sudeste,Site,1,379.05,379.05
2025-01-31,11862,Esporte,Esteira,Norte,App,3,2659.05,7977.15
2025-01-31,11863,Eletrônicos,Notebook,Sudeste,Site,3,3599.1,10797.3
2025-01-31,11864,Casa,Aspirador Robô,Centro-Oeste,Site,3,1299.0,3897.0
2025-01-31,11865,Moda,Jaqueta,Nordeste,App,3,246.05,738.15
2025-01-31,11866,Informática,Mouse Gamer,Nordeste,Loja Física,2,159.0,318.0
2025-01-31,11867,Informática,SSD 1TB,Sudeste,Site,2,407.55,815.1
2025-01-31,11868,Informática,Mouse Gamer,Sudeste,App,1,159.0,159.0
2025-01-31,11869,Esporte,Halteres 10kg,Sul,App,1,170.1,170.1
2025-02-01,11870,Moda,Tênis Esportivo,Sul,Loja Física,3,359.1,1077.3
2025-02-01,11871,Moda,Relógio,Sudeste,App,2,329.0,658.0
2025-02-01,11872,Casa,Aspirador Robô,Nordeste,Loja Física,1,1299.0,1299.0
2025-02-01,11873,Eletrônicos,Smartwatch,Sudeste,App,1,899.0,899.0
2025-02-01,11874,Moda,Mochila,Norte,App,1,179.0,179.0
2025-02-01,11875,Casa,Aspirador Robô,Sul,App,2,1169.1,2338.2
2025-02-01,11876,Moda,Relógio,Sudeste,App,1,312.55,312.55
2025-02-01,11877,Moda,Relógio,Sudeste,Site,1,329.0,329.0
2025-02-02,11878,Eletrônicos,Notebook,Sul,Site,3,3599.1,10797.3
2025-02-02,11879,Informática,"Monitor 24""",Sul,Site,3,999.0,2997.0
2025-02-02,11880,Esporte,Tapete Yoga,Sudeste,Loja Física,2,94.05,188.1
2025-02-02,11881,Esporte,Tapete Yoga,Nordeste,App,2,89.1,178.2
2025-02-02,11882,Eletrônicos,Smartphone,Sul,Site,2,1709.1,3418.2
2025-02-03,11883,Casa,Liquidificador,Centro-Oeste,Site,3,179.1,537.3
2025-02-03,11884,Casa,Liquidificador,Centro-Oeste,App,3,199.0,597.0
2025-02-03,11885,Eletrônicos,Notebook,Centro-Oeste,App,2,3999.0,7998.0
2025-02-03,11886,Informática,Mouse Gamer,Sul,App,1,159.0,159.0
2025-02-03,11887,Moda,Tênis Esportivo,Sul,App,1,359.1,359.1
2025-02-04,11888,Informática,Mouse Gamer,Norte,Loja Física,1,159.0,159.0
2025-02-04,11889,Esporte,Esteira,Sul,Site,3,2799.0,8397.0
2025-02-04,11890,Esporte,Bicicleta,Centro-Oeste,Site,1,1439.1,1439.1
2025-02-04,11891,Esporte,Bicicleta,Sul,App,1,1599.0,1599.0
2025-02-04,11892,Casa,Air Fryer,Sudeste,Loja Física,1,459.0,459.0
2025-02-04,11893,Moda,Jaqueta,Nordeste,Site,2,259.0,518.0
2025-02-04,11894,Casa,Aspirador Robô,Nordeste,Site,1,1234.05,1234.05
2025-02-04,11895,Moda,Jaqueta,Sudeste,Site,3,259.0,777.0
2025-02-05,11896,Esporte,Bicicleta,Sudeste,Site,1,1519.05,1519.05
2025-02-05,11897,Esporte,Halteres 10kg,Nordeste,App,1,189.0,189.0
2025-02-05,11898,Moda,Jaqueta,Centro-Oeste,Site,2,259.0,518.0
2025-02-05,11899,Moda,Relógio,Nordeste,App,3,329.0,987.0
2025-02-05,11900,Moda,Tênis Esportivo,Nordeste,App,2,399.0,798.0
2025-02-05,11901,Casa,Liquidificador,Nordeste,App,1,189.05,189.05
2025-02-05,11902,Informática,Mouse Gamer,Nordeste,Site,2,159.0,318.0
2025-02-06,11903,Eletrônicos,Smartphone,Sul,Site,1,1614.15,1614.15
2025-02-06,11904,Moda,Mochila,Norte,App,3,179.0,537.0
2025-02-06,11905,Eletrônicos,Smartphone,Nordeste,Site,3,1899.0,5697.0
2025-02-07,11906,Casa,Aspirador Robô,Centro-Oeste,App,1,1299.0,1299.0
2025-02-07,11907,Informática,"Monitor 24""",Nordeste,Site,3,999.0,2997.0
2025-02-07,11908,Esporte,Tapete Yoga,Sudeste,Site,1,99.0,99.0
2025-02-07,11909,Informática,Teclado Mecânico,Nordeste,Site,3,349.0,1047.0
2025-02-07,11910,Informática,SSD 1TB,Nordeste,App,3,386.1,1158.3
2025-02-07,11911,Informática,"Monitor 24""",Norte,Site,3,899.1,2697.3
2025-02-07,11912,Moda,Mochila,Sudeste,App,2,161.1,322.2
2025-02-07,11913,Esporte,Esteira,Sudeste,Site,1,2799.0,2799.0
2025-02-08,11914,Moda,Relógio,Sudeste,Loja Física,3,312.55,937.65
2025-02-08,11915,Eletrônicos,Fone Bluetooth,Sul,Loja Física,1,249.0,249.0
2025-02-08,11916,Esporte,Halteres 10kg,Centro-Oeste,App,3,160.65,481.95
2025-02-08,11917,Informática,Mouse Gamer,Sudeste,App,1,143.1,143.1
2025-02-08,11918,Informática,Mouse Gamer,Norte,App,3,135.15,405.45
2025-02-08,11919,Eletrônicos,Notebook,Sudeste,Loja Física,2,3999.0,7998.0
2025-02-08,11920,Esporte,Halteres 10kg,Sudeste,App,3,189.0,567.0
2025-02-08,11921,Casa,Liquidificador,Sul,Loja Física,3,199.0,597.0
2025-02-08,11922,Moda,Relógio,Nordeste,Site,3,329.0,987.0
2025-02-09,11923,Informática,Mouse Gamer,Sudeste,Site,3,151.05,453.15
2025-02-09,11924,Eletrônicos,Notebook,Centro-Oeste,App,3,3999.0,11997.0
2025-02-09,11925,Moda,Mochila,Centro-Oeste,Loja Física,2,179.0,358.0
2025-02-09,11926,Casa,Aspirador Robô,Sul,Loja Física,2,1234.05,2468.1
2025-02-09,11927,Eletrônicos,Smartwatch,Norte,App,2,809.1,1618.2
2025-02-10,11928,Eletrônicos,Fone Bluetooth,Sul,Site,3,249.0,747.0
2025-02-10,11929,Informática,Mouse Gamer,Norte,Loja Física,3,159.0,477.0
2025-02-10,11930,Moda,Relógio,Nordeste,Site,3,329.0,987.0
2025-02-10,11931,Esporte,Tapete Yoga,Sudeste,Site,2,89.1,178.2
2025-02-10,11932,Casa,Aspirador Robô,Centro-Oeste,Loja Física,3,1299.0,3897.0
2025-02-10,11933,Informática,"Monitor 24""",Centro-Oeste,Loja Física,2,999.0,1998.0
2025-02-10,11934,Casa,Cafeteira,Sudeste,App,1,274.55,274.55
2025-02-10,11935,Casa,Liquidificador,Sudeste,Site,3,199.0,597.0
2025-02-11,11936,Esporte,Bicicleta,Sudeste,Site,1,1439.1,1439.1
2025-02-11,11937,Informática,"Monitor 24""",Sudeste,Site,1,999.0,999.0
2025-02-11,11938,Informática,Teclado Mecânico,Sudeste,Site,3,349.0,1047.0
2025-02-11,11939,Moda,Relógio,Sudeste,Loja Física,2,296.1,592.2
2025-02-11,11940,Eletrônicos,Notebook,Sul,Site,1,3999.0,3999.0
2025-02-11,11941,Moda,Relógio,Sudeste,App,1,312.55,312.55
2025-02-12,11942,Moda,Jaqueta,Sudeste,App,1,233.1,233.1
2025-02-12,11943,Casa,Air Fryer,Sudeste,App,3,413.1,1239.3
2025-02-12,11944,Casa,Liquidificador,Sudeste,App,2,179.1,358.2
2025-02-12,11945,Informática,Teclado Mecânico,Sudeste,App,3,349.0,1047.0
2025-02-12,11946,Casa,Aspirador Robô,Nordeste,App,1,1299.0,1299.0
2025-02-12,11947,Casa,Air Fryer,Nordeste,Loja Física,3,459.0,1377.0
2025-02-12,11948,Informática,Mouse Gamer,Sudeste,Loja Física,2,151.05,302.1
2025-02-12,11949,Casa,Cafeteira,Sudeste,App,1,289.0,289.0
2025-02-12,11950,Informática,SSD 1TB,Sudeste,Loja Física,1,429.0,429.0
2025-02-13,11951,Eletrônicos,Smartphone,Sudeste,Site,3,1804.05,5412.15
2025-02-13,11952,Eletrônicos,Smartphone,Sudeste,Site,1,1804.05,1804.05
2025-02-13,11953,Informática,Mouse Gamer,Sudeste,Loja Física,3,159.0,477.0
2025-02-13,11954,Moda,Tênis Esportivo,Sudeste,Site,3,399.0,1197.0
2025-02-13,11955,Eletrônicos,Fone Bluetooth,Centro-Oeste,App,1,224.1,224.1
2025-02-13,11956,Informática,SSD 1TB,Nordeste,App,1,386.1,386.1
2025-02-13,11957,Moda,Tênis Esportivo,Norte,App,2,359.1,718.2
2025-02-13,11958,Moda,Jaqueta,Nordeste,Loja Física,2,259.0,518.0
2025-02-14,11959,Casa,Aspirador Robô,Sudeste,Loja Física,1,1299.0,1299.0
2025-02-14,11960,Esporte,Halteres 10kg,Sudeste,Site,2,189.0,378.0
2025-02-15,11961,Informática,Mouse Gamer,Nordeste,Site,2,159.0,318.0
2025-02-15,11962,Eletrônicos,Smartwatch,Sudeste,Site,3,899.0,2697.0
2025-02-15,11963,Eletrônicos,Fone Bluetooth,Sudeste,App,3,224.1,672.3
2025-02-15,11964,Moda,Relógio,Sudeste,Site,3,329.0,987.0
2025-02-15,11965,Esporte,Bicicleta,Sul,App,2,1599.0,3198.0
2025-02-16,11966,Esporte,Halteres 10kg,Nordeste,App,1,189.0,189.0
2025-02-16,11967,Casa,Aspirador Robô,Sudeste,Loja Física,1,1104.15,1104.15
2025-02-16,11968,Eletrônicos,Fone Bluetooth,Sul,App,3,249.0,747.0
2025-02-16,11969,Moda,Mochila,Sudeste,App,2,170.05,340.1
2025-02-17,11970,Eletrônicos,Fone Bluetooth,Sudeste,Site,2,236.55,473.1
2025-02-17,11971,Moda,Jaqueta,Sudeste,App,3,259.0,777.0
2025-02-17,11972,Eletrônicos,Smartphone,Centro-Oeste,App,1,1899.0,1899.0
2025-02-17,11973,Eletrônicos,Notebook,Sul,App,3,3999.0,11997.0
2025-02-17,11974,Eletrônicos,Smartphone,Sudeste,Site,1,1899.0,1899.0
2025-02-17,11975,Eletrônicos,Smartwatch,Sudeste,Site,1,899.0,899.0
2025-02-18,11976,Informática,Teclado Mecânico,Sudeste,Loja Física,2,349.0,698.0
2025-02-18,11977,Moda,Jaqueta,Sul,Site,2,233.1,466.2
2025-02-18,11978,Esporte,Halteres 10kg,Sudeste,App,3,189.0,567.0
2025-02-19,11979,Eletrônicos,Smartphone,Sul,Site,3,1899.0,5697.0
2025-02-19,11980,Casa,Liquidificador,Sudeste,Site,1,199.0,199.0
2025-02-19,11981,Eletrônicos,Fone Bluetooth,Sudeste,App,3,249.0,747.0
2025-02-19,11982,Informática,"Monitor 24""",Sudeste,App,3,999.0,2997.0
2025-02-19,11983,Casa,Air Fryer,Nordeste,Loja Física,2,390.15,780.3
2025-02-19,11984,Esporte,Esteira,Sudeste,Site,2,2799.0,5598.0
2025-02-19,11985,Eletrônicos,Smartphone,Sudeste,App,2,1899.0,3798.0
2025-02-19,11986,Casa,Cafeteira,Sudeste,App,1,289.0,289.0
2025-02-19,11987,Esporte,Esteira,Sul,Loja Física,1,2799.0,2799.0
2025-02-19,11988,Moda,Tênis Esportivo,Sudeste,Site,1,399.0,399.0
2025-02-19,11989,Eletrônicos,Notebook,Norte,Site,3,3999.0,11997.0
2025-02-19,11990,Eletrônicos,Smartwatch,Sul,Loja Física,1,809.1,809.1
2025-02-19,11991,Eletrônicos,Notebook,Sudeste,Loja Física,2,3599.1,7198.2
2025-02-19,11992,Moda,Jaqueta,Sudeste,Site,2,233.1,466.2
2025-02-20,11993,Eletrônicos,Smartwatch,Sudeste,App,1,899.0,899.0
2025-02-20,11994,Informática,Teclado Mecânico,Sul,Site,1,349.0,349.0
2025-02-20,11995,Moda,Jaqueta,Sudeste,Site,1,246.05,246.05
2025-02-21,11996,Eletrônicos,Notebook,Sul,Site,3,3799.05,11397.15
2025-02-21,11997,Informática,Mouse Gamer,Nordeste,Site,3,159.0,477.0
2025-02-21,11998,Moda,Jaqueta,Sudeste,Site,2,259.0,518.0
2025-02-21,11999,Eletrônicos,Smartwatch,Nordeste,App,1,809.1,809.1
2025-02-21,12000,Casa,Aspirador Robô,Norte,App,2,1169.1,2338.2
2025-02-21,12001,Esporte,Bicicleta,Sudeste,App,2,1599.0,3198.0
2025-02-21,12002,Moda,Jaqueta,Sudeste,Loja Física,3,259.0,777.0
2025-02-21,12003,Moda,Tênis Esportivo,Centro-Oeste,App,1,379.05,379.05
2025-02-22,12004,Eletrônicos,Fone Bluetooth,Sudeste,Site,1,249.0,249.0
2025-02-22,12005,Casa,Liquidificador,Sul,Loja Física,3,189.05,567.15
2025-02-22,12006,Informática,"Monitor 24""",Sudeste,App,3,999.0,2997.0
2025-02-22,12007,Informática,Mouse Gamer,Centro-Oeste,Site,3,159.0,477.0
2025-02-22,12008,Informática,Mouse Gamer,Nordeste,Site,2,159.0,318.0
2025-02-22,12009,Moda,Relógio,Sudeste,Loja Física,1,329.0,329.0
2025-02-23,12010,Moda,Tênis Esportivo,Sudeste,Site,1,399.0,399.0
2025-02-23,12011,Esporte,Tapete Yoga,Nordeste,App,3,89.1,267.3
2025-02-23,12012,Moda,Jaqueta,Sudeste,App,1,246.05,246.05
2025-02-24,12013,Moda,Tênis Esportivo,Sudeste,Site,3,379.05,1137.15
2025-02-24,12014,Eletrônicos,Notebook,Sudeste,App,3,3999.0,11997.0
2025-02-24,12015,Moda,Mochila,Centro-Oeste,Site,3,170.05,510.15
2025-02-24,12016,Casa,Cafeteira,Centro-Oeste,Site,2,289.0,578.0
2025-02-24,12017,Esporte,Halteres 10kg,Sudeste,Site,1,189.0,189.0
2025-02-25,12018,Esporte,Tapete Yoga,Centro-Oeste,App,3,99.0,297.0
2025-02-25,12019,Esporte,Bicicleta,Nordeste,App,1,1519.05,1519.05
2025-02-25,12020,Moda,Relógio,Nordeste,Site,1,329.0,329.0
2025-02-25,12021,Informática,Mouse Gamer,Nordeste,Loja Física,2,159.0,318.0
2025-02-25,12022,Casa,Liquidificador,Sul,Loja Física,3,199.0,597.0
2025-02-25,12023,Moda,Jaqueta,Sudeste,Site,3,259.0,777.0
2025-02-26,12024,Moda,Mochila,Norte,App,2,179.0,358.0
2025-02-26,12025,Esporte,Esteira,Sul,Site,1,2799.0,2799.0
2025-02-26,12026,Esporte,Halteres 10kg,Sul,App,1,189.0,189.0
2025-02-26,12027,Eletrônicos,Notebook,Norte,Site,3,3599.1,10797.3
2025-02-26,12028,Casa,Air Fryer,Sudeste,Site,3,413.1,1239.3
2025-02-27,12029,Esporte,Tapete Yoga,Sudeste,Site,1,94.05,94.05
2025-02-27,12030,Esporte,Tapete Yoga,Sudeste,Loja Física,1,99.0,99.0
2025-02-27,12031,Moda,Mochila,Sudeste,App,2,179.0,358.0
2025-02-27,12032,Casa,Aspirador Robô,Centro-Oeste,Site,3,1299.0,3897.0
2025-02-27,12033,Esporte,Halteres 10kg,Sudeste,App,3,189.0,567.0
2025-02-27,12034,Esporte,Bicicleta,Sudeste,Site,2,1599.0,3198.0
2025-02-28,12035,Informática,Mouse Gamer,Nordeste,Site,3,159.0,477.0
2025-02-28,12036,Informática,"Monitor 24""",Centro-Oeste,Site,2,949.05,1898.1
2025-02-28,12037,Casa,Air Fryer,Nordeste,App,3,459.0,1377.0
2025-02-28,12038,Esporte,Bicicleta,Sudeste,App,2,1599.0,3198.0
2025-02-28,12039,Moda,Mochila,Centro-Oeste,Loja Física,1,170.05,170.05
2025-03-01,12040,Moda,Jaqueta,Sudeste,Loja Física,2,259.0,518.0
2025-03-01,12041,Casa,Cafeteira,Sul,Site,3,289.0,867.0
2025-03-01,12042,Casa,Air Fryer,Nordeste,Site,2,459.0,918.0
2025-03-01,12043,Informática,SSD 1TB,Sudeste,Site,3,429.0,1287.0
2025-03-01,12044,Moda,Tênis Esportivo,Nordeste,Loja Física,3,379.05,1137.15
2025-03-02,12045,Casa,Air Fryer,Sul,Site,2,413.1,826.2
2025-03-02,12046,Informática,SSD 1TB,Centro-Oeste,Loja Física,2,429.0,858.0
2025-03-02,12047,Eletrônicos,Smartwatch,Sudeste,App,2,899.0,1798.0
2025-03-02,12048,Esporte,Halteres 10kg,Nordeste,Site,2,189.0,378.0
2025-03-02,12049,Moda,Jaqueta,Nordeste,App,1,233.1,233.1
2025-03-02,12050,Informática,Teclado Mecânico,Sudeste,App,3,314.1,942.3
2025-03-03,12051,Casa,Air Fryer,Nordeste,Site,2,436.05,872.1
2025-03-03,12052,Casa,Liquidificador,Centro-Oeste,Loja Física,1,199.0,199.0
2025-03-03,12053,Esporte,Halteres 10kg,Norte,Site,2,189.0,378.0
2025-03-03,12054,Moda,Tênis Esportivo,Sudeste,Site,2,399.0,798.0
2025-03-04,12055,Casa,Liquidificador,Sudeste,Loja Física,3,169.15,507.45
2025-03-04,12056,Informática,SSD 1TB,Centro-Oeste,Site,3,386.1,1158.3
2025-03-04,12057,Eletrônicos,Fone Bluetooth,Norte,Site,1,249.0,249.0
2025-03-04,12058,Casa,Liquidificador,Sudeste,Site,2,179.1,358.2
2025-03-05,12059,Informática,SSD 1TB,Sul,Site,1,429.0,429.0
2025-03-05,12060,Informática,SSD 1TB,Sudeste,Loja Física,2,429.0,858.0
2025-03-05,12061,Casa,Air Fryer,Sudeste,Site,2,436.05,872.1
2025-03-05,12062,Casa,Aspirador Robô,Sudeste,App,2,1299.0,2598.0
2025-03-05,12063,Casa,Air Fryer,Sudeste,Site,2,459.0,918.0
2025-03-05,12064,Eletrônicos,Smartphone,Sul,App,3,1899.0,5697.0
2025-03-05,12065,Eletrônicos,Fone Bluetooth,Nordeste,Site,2,249.0,498.0
2025-03-06,12066,Moda,Jaqueta,Sudeste,Site,2,259.0,518.0
2025-03-06,12067,Casa,Liquidificador,Nordeste,App,3,189.05,567.15
2025-03-06,12068,Casa,Cafeteira,Sul,Site,3,274.55,823.65
2025-03-06,12069,Moda,Relógio,Norte,Loja Física,2,329.0,658.0
2025-03-06,12070,Esporte,Bicicleta,Nordeste,Site,2,1519.05,3038.1
2025-03-06,12071,Esporte,Bicicleta,Sudeste,App,3,1519.05,4557.15
2025-03-06,12072,Casa,Cafeteira,Sudeste,App,2,274.55,549.1
2025-03-07,12073,Eletrônicos,Smartphone,Sul,Site,3,1899.0,5697.0
2025-03-07,12074,Informática,"Monitor 24""",Norte,App,3,999.0,2997.0
2025-03-08,12075,Casa,Cafeteira,Sudeste,Site,3,289.0,867.0
2025-03-08,12076,Moda,Relógio,Sudeste,Loja Física,1,329.0,329.0
2025-03-08,12077,Eletrônicos,Smartphone,Sul,App,2,1899.0,3798.0
2025-03-08,12078,Informática,SSD 1TB,Norte,Loja Física,2,364.65,729.3
2025-03-08,12079,Esporte,Tapete Yoga,Sudeste,App,3,99.0,297.0
2025-03-09,12080,Informática,Mouse Gamer,Sudeste,App,2,151.05,302.1
2025-03-09,12081,Casa,Cafeteira,Sudeste,App,3,289.0,867.0
2025-03-10,12082,Moda,Tênis Esportivo,Sul,Site,3,399.0,1197.0
2025-03-10,12083,Informática,"Monitor 24""",Sudeste,Site,2,999.0,1998.0
2025-03-10,12084,Moda,Mochila,Norte,Site,1,179.0,179.0
2025-03-10,12085,Moda,Jaqueta,Sudeste,App,2,259.0,518.0
2025-03-10,12086,Casa,Air Fryer,Sudeste,App,2,413.1,826.2
2025-03-10,12087,Informática,SSD 1TB,Sudeste,Loja Física,1,386.1,386.1
2025-03-10,12088,Esporte,Esteira,Nordeste,Loja Física,3,2659.05,7977.15
2025-03-11,12089,Casa,Aspirador Robô,Nordeste,App,2,1169.1,2338.2
2025-03-11,12090,Moda,Mochila,Centro-Oeste,App,1,170.05,170.05
2025-03-11,12091,Eletrônicos,Smartwatch,Nordeste,App,3,899.0,2697.0
2025-03-11,12092,Esporte,Esteira,Sudeste,Site,2,2799.0,5598.0
2025-03-11,12093,Informática,"Monitor 24""",Sul,Site,2,999.0,1998.0
2025-03-11,12094,Eletrônicos,Smartwatch,Sudeste,Loja Física,3,899.0,2697.0
2025-03-11,12095,Informática,SSD 1TB,Sudeste,App,3,407.55,1222.65
2025-03-12,12096,Moda,Jaqueta,Nordeste,Site,1,259.0,259.0
2025-03-12,12097,Esporte,Esteira,Sudeste,Loja Física,1,2659.05,2659.05
2025-03-12,12098,Informática,Mouse Gamer,Sudeste,Site,1,159.0,159.0
2025-03-12,12099,Esporte,Halteres 10kg,Sul,Site,3,170.1,510.3
2025-03-13,12100,Informática,"Monitor 24""",Nordeste,Loja Física,1,899.1,899.1
2025-03-13,12101,Moda,Jaqueta,Sudeste,Loja Física,2,259.0,518.0
2025-03-13,12102,Esporte,Esteira,Centro-Oeste,App,1,2799.0,2799.0
2025-03-13,12103,Esporte,Esteira,Norte,Site,2,2799.0,5598.0
2025-03-14,12104,Informática,SSD 1TB,Sudeste,Site,3,429.0,1287.0
2025-03-14,12105,Informática,SSD 1TB,Sudeste,Site,1,429.0,429.0
2025-03-14,12106,Esporte,Halteres 10kg,Sudeste,App,2,189.0,378.0
2025-03-14,12107,Casa,Aspirador Robô,Sudeste,App,3,1299.0,3897.0
2025-03-14,12108,Esporte,Esteira,Nordeste,Site,1,2659.05,2659.05
2025-03-14,12109,Informática,Teclado Mecânico,Sul,App,3,349.0,1047.0
2025-03-15,12110,Esporte,Esteira,Nordeste,Site,1,2659.05,2659.05
2025-03-15,12111,Moda,Mochila,Sudeste,Site,2,179.0,358.0
2025-03-15,12112,Moda,Tênis Esportivo,Sul,Site,2,359.1,718.2
2025-03-15,12113,Moda,Relógio,Sudeste,App,3,329.0,987.0
2025-03-16,12114,Informática,SSD 1TB,Sudeste,Site,2,407.55,815.1
2025-03-16,12115,Esporte,Bicicleta,Sul,Loja Física,1,1359.15,1359.15
2025-03-16,12116,Casa,Air Fryer,Centro-Oeste,Loja Física,1,459.0,459.0
2025-03-16,12117,Informática,Teclado Mecânico,Nordeste,App,1,314.1,314.1
2025-03-16,12118,Moda,Mochila,Nordeste,App,1,179.0,179.0
2025-03-16,12119,Moda,Tênis Esportivo,Sul,Site,2,399.0,798.0
2025-03-17,12120,Informática,SSD 1TB,Nordeste,App,2,429.0,858.0
2025-03-17,12121,Esporte,Esteira,Sudeste,Site,1,2799.0,2799.0
2025-03-17,12122,Moda,Relógio,Nordeste,Site,2,329.0,658.0
2025-03-17,12123,Esporte,Esteira,Nordeste,Site,3,2799.0,8397.0
2025-03-18,12124,Informática,SSD 1TB,Sul,Site,1,386.1,386.1
2025-03-18,12125,Casa,Cafeteira,Sul,App,1,260.1,260.1
2025-03-18,12126,Esporte,Halteres 10kg,Nordeste,Site,3,170.1,510.3
2025-03-18,12127,Casa,Aspirador Robô,Sudeste,Site,3,1299.0,3897.0
2025-03-18,12128,Esporte,Bicicleta,Sudeste,App,2,1519.05,3038.1
2025-03-18,12129,Casa,Air Fryer,Sul,App,2,413.1,826.2
2025-03-18,12130,Esporte,Esteira,Nordeste,Site,1,2519.1,2519.1
2025-03-18,12131,Eletrônicos,Smartwatch,Sudeste,App,1,854.05,854.05
2025-03-19,12132,Eletrônicos,Smartwatch,Nordeste,App,3,899.0,2697.0
2025-03-19,12133,Moda,Relógio,Norte,Site,1,329.0,329.0
2025-03-20,12134,Informática,Mouse Gamer,Sudeste,Site,1,159.0,159.0
2025-03-20,12135,Casa,Aspirador Robô,Sudeste,Site,1,1299.0,1299.0
2025-03-20,12136,Eletrônicos,Notebook,Sudeste,App,1,3999.0,3999.0
2025-03-20,12137,Moda,Relógio,Nordeste,Loja Física,2,312.55,625.1
2025-03-20,12138,Esporte,Halteres 10kg,Sudeste,Site,2,179.55,359.1
2025-03-20,12139,Casa,Cafeteira,Sudeste,App,2,274.55,549.1
2025-03-20,12140,Eletrônicos,Smartwatch,Sudeste,Site,3,899.0,2697.0
2025-03-20,12141,Casa,Cafeteira,Nordeste,App,1,274.55,274.55
2025-03-20,12142,Esporte,Bicicleta,Sudeste,Site,3,1519.05,4557.15
2025-03-21,12143,Eletrônicos,Fone Bluetooth,Sudeste,Loja Física,3,249.0,747.0
2025-03-21,12144,Esporte,Tapete Yoga,Sudeste,Loja Física,3,94.05,282.15
2025-03-21,12145,Eletrônicos,Smartwatch,Sul,Loja Física,2,899.0,1798.0
2025-03-22,12146,Moda,Relógio,Sudeste,Site,1,312.55,312.55
2025-03-22,12147,Casa,Liquidificador,Sudeste,App,3,199.0,597.0
2025-03-22,12148,Moda,Mochila,Sul,Site,2,179.0,358.0
2025-03-22,12149,Informática,"Monitor 24""",Sudeste,Site,3,999.0,2997.0
2025-03-22,12150,Eletrônicos,Smartphone,Sudeste,Site,1,1709.1,1709.1
2025-03-22,12151,Eletrônicos,Smartphone,Norte,App,2,1899.0,3798.0
2025-03-23,12152,Moda,Mochila,Sul,App,2,179.0,358.0
2025-03-23,12153,Eletrônicos,Smartwatch,Nordeste,Site,3,854.05,2562.15
2025-03-23,12154,Informática,SSD 1TB,Nordeste,Loja Física,2,407.55,815.1
2025-03-23,12155,Esporte,Bicicleta,Sudeste,App,2,1599.0,3198.0
2025-03-23,12156,Informática,SSD 1TB,Nordeste,Site,3,429.0,1287.0
2025-03-24,12157,Casa,Aspirador Robô,Sul,App,3,1169.1,3507.3
2025-03-24,12158,Informática,"Monitor 24""",Sudeste,Site,3,999.0,2997.0
2025-03-24,12159,Moda,Jaqueta,Sul,Site,3,259.0,777.0
2025-03-24,12160,Informática,"Monitor 24""",Sudeste,App,1,999.0,999.0
2025-03-24,12161,Informática,"Monitor 24""",Sul,Site,1,999.0,999.0
2025-03-24,12162,Informática,SSD 1TB,Nordeste,Site,2,407.55,815.1
2025-03-24,12163,Esporte,Tapete Yoga,Centro-Oeste,Site,2,89.1,178.2
2025-03-25,12164,Eletrônicos,Smartphone,Sudeste,Site,2,1804.05,3608.1
2025-03-25,12165,Casa,Liquidificador,Norte,Site,1,179.1,179.1
2025-03-25,12166,Informática,Teclado Mecânico,Nordeste,Loja Física,2,349.0,698.0
2025-03-25,12167,Informática,SSD 1TB,Sul,Site,2,429.0,858.0
2025-03-25,12168,Esporte,Halteres 10kg,Sudeste,Site,3,189.0,567.0
2025-03-26,12169,Casa,Liquidificador,Nordeste,Site,1,199.0,199.0
2025-03-26,12170,Moda,Tênis Esportivo,Sul,Site,3,399.0,1197.0
2025-03-27,12171,Casa,Air Fryer,Sudeste,Site,1,459.0,459.0
2025-03-27,12172,Informática,"Monitor 24""",Nordeste,App,2,949.05,1898.1
2025-03-27,12173,Informática,Teclado Mecânico,Sul,Site,3,331.55,994.65
2025-03-27,12174,Esporte,Tapete Yoga,Nordeste,App,2,99.0,198.0
2025-03-27,12175,Moda,Relógio,Norte,Loja Física,3,312.55,937.65
2025-03-27,12176,Esporte,Tapete Yoga,Sudeste,Site,1,94.05,94.05
2025-03-27,12177,Casa,Cafeteira,Sudeste,Site,3,289.0,867.0
2025-03-28,12178,Casa,Liquidificador,Sul,Site,1,199.0,199.0
2025-03-28,12179,Moda,Relógio,Sudeste,App,1,329.0,329.0
2025-03-28,12180,Moda,Relógio,Nordeste,Loja Física,1,312.55,312.55
2025-03-28,12181,Esporte,Halteres 10kg,Nordeste,App,2,170.1,340.2
2025-03-28,12182,Informática,"Monitor 24""",Sudeste,Site,2,899.1,1798.2
2025-03-28,12183,Informática,SSD 1TB,Sudeste,Site,2,386.1,772.2
2025-03-28,12184,Eletrônicos,Smartwatch,Nordeste,Site,1,809.1,809.1
2025-03-28,12185,Informática,Mouse Gamer,Nordeste,Site,1,159.0,159.0
2025-03-28,12186,Informática,"Monitor 24""",Sul,App,1,999.0,999.0
2025-03-29,12187,Esporte,Esteira,Centro-Oeste,Site,3,2799.0,8397.0
2025-03-29,12188,Eletrônicos,Notebook,Sul,Loja Física,1,3999.0,3999.0
2025-03-29,12189,Moda,Mochila,Sudeste,Site,1,179.0,179.0
2025-03-29,12190,Esporte,Esteira,Sudeste,Site,1,2659.05,2659.05
2025-03-29,12191,Casa,Liquidificador,Nordeste,App,1,199.0,199.0
2025-03-29,12192,Casa,Cafeteira,Sudeste,Site,3,274.55,823.65
2025-03-29,12193,Casa,Cafeteira,Nordeste,App,1,289.0,289.0
2025-03-29,12194,Moda,Tênis Esportivo,Sudeste,Site,1,399.0,399.0
2025-03-30,12195,Moda,Mochila,Sul,Site,3,179.0,537.0
2025-03-30,12196,Eletrônicos,Smartphone,Norte,Site,2,1899.0,3798.0
2025-03-30,12197,Eletrônicos,Fone Bluetooth,Sudeste,App,1,236.55,236.55
2025-03-30,12198,Esporte,Bicicleta,Sul,App,1,1599.0,1599.0
2025-03-30,12199,Casa,Liquidificador,Sudeste,App,1,199.0,199.0
2025-03-30,12200,Eletrônicos,Smartphone,Sul,Loja Física,2,1804.05,3608.1
2025-03-31,12201,Casa,Cafeteira,Norte,Site,2,274.55,549.1
2025-03-31,12202,Informática,"Monitor 24""",Sudeste,Loja Física,1,999.0,999.0
2025-03-31,12203,Esporte,Halteres 10kg,Nordeste,Site,1,170.1,170.1
2025-03-31,12204,Moda,Mochila,Sul,Loja Física,2,179.0,358.0
2025-04-01,12205,Eletrônicos,Fone Bluetooth,Sudeste,Site,1,236.55,236.55
2025-04-01,12206,Moda,Jaqueta,Nordeste,App,2,259.0,518.0
2025-04-01,12207,Esporte,Tapete Yoga,Nordeste,App,1,99.0,99.0
2025-04-02,12208,Moda,Relógio,Centro-Oeste,Site,3,312.55,937.65
2025-04-02,12209,Informática,SSD 1TB,Sudeste,App,2,429.0,858.0
2025-04-02,12210,Moda,Relógio,Sul,App,1,312.55,312.55
2025-04-02,12211,Informática,Teclado Mecânico,Nordeste,App,2,331.55,663.1
2025-04-02,12212,Esporte,Halteres 10kg,Sul,App,2,170.1,340.2
2025-04-02,12213,Moda,Jaqueta,Sudeste,App,3,246.05,738.15
2025-04-02,12214,Informática,SSD 1TB,Sudeste,App,3,429.0,1287.0
2025-04-02,12215,Moda,Tênis Esportivo,Sul,App,3,399.0,1197.0
2025-04-03,12216,Moda,Mochila,Sul,Site,1,179.0,179.0
2025-04-03,12217,Moda,Relógio,Sudeste,App,2,312.55,625.1
2025-04-03,12218,Eletrônicos,Smartphone,Norte,Site,1,1804.05,1804.05
2025-04-03,12219,Informática,SSD 1TB,Nordeste,Site,2,429.0,858.0
2025-04-03,12220,Informática,"Monitor 24""",Nordeste,Site,2,999.0,1998.0
2025-04-04,12221,Casa,Air Fryer,Sul,Loja Física,1,459.0,459.0
2025-04-04,12222,Moda,Relógio,Sudeste,Site,1,329.0,329.0
2025-04-04,12223,Eletrônicos,Notebook,Sudeste,App,2,3999.0,7998.0
2025-04-04,12224,Moda,Tênis Esportivo,Norte,Site,1,399.0,399.0
2025-04-04,12225,Moda,Mochila,Nordeste,App,1,170.05,170.05
2025-04-04,12226,Esporte,Tapete Yoga,Nordeste,App,2,99.0,198.0
2025-04-05,12227,Informática,Teclado Mecânico,Nordeste,App,1,349.0,349.0
2025-04-05,12228,Moda,Mochila,Sul,App,1,179.0,179.0
2025-04-05,12229,Informática,Teclado Mecânico,Sudeste,Site,2,349.0,698.0
2025-04-05,12230,Informática,SSD 1TB,Sudeste,Loja Física,3,429.0,1287.0
2025-04-05,12231,Eletrônicos,Fone Bluetooth,Norte,Site,2,236.55,473.1
2025-04-06,12232,Casa,Air Fryer,Centro-Oeste,Site,1,459.0,459.0
2025-04-06,12233,Moda,Relógio,Sudeste,Loja Física,3,329.0,987.0
2025-04-06,12234,Informática,Mouse Gamer,Sudeste,Loja Física,1,159.0,159.0
2025-04-06,12235,Eletrônicos,Smartwatch,Sudeste,Site,1,899.0,899.0
2025-04-06,12236,Informática,Teclado Mecânico,Sul,App,3,349.0,1047.0
2025-04-06,12237,Esporte,Halteres 10kg,Sudeste,App,2,189.0,378.0
2025-04-06,12238,Eletrônicos,Notebook,Sudeste,App,1,3999.0,3999.0
2025-04-06,12239,Informática,Mouse Gamer,Sudeste,Site,1,159.0,159.0
2025-04-06,12240,Casa,Cafeteira,Sudeste,App,2,274.55,549.1
2025-04-07,12241,Eletrônicos,Notebook,Nordeste,Loja Física,3,3999.0,11997.0
2025-04-07,12242,Eletrônicos,Smartphone,Nordeste,Loja Física,1,1899.0,1899.0
2025-04-07,12243,Eletrônicos,Fone Bluetooth,Nordeste,Site,2,249.0,498.0
2025-04-07,12244,Eletrônicos,Notebook,Norte,Site,3,3599.1,10797.3
2025-04-07,12245,Casa,Aspirador Robô,Sudeste,Site,1,1299.0,1299.0
2025-04-07,12246,Moda,Mochila,Centro-Oeste,Site,2,152.15,304.3
2025-04-07,12247,Esporte,Esteira,Sudeste,App,2,2799.0,5598.0
2025-04-07,12248,Eletrônicos,Fone Bluetooth,Centro-Oeste,Site,2,224.1,448.2
2025-04-07,12249,Informática,"Monitor 24""",Sul,Site,2,999.0,1998.0
2025-04-08,12250,Eletrônicos,Fone Bluetooth,Sul,Site,2,211.65,423.3
2025-04-08,12251,Casa,Liquidificador,Sul,Site,3,199.0,597.0
2025-04-08,12252,Informática,Teclado Mecânico,Nordeste,App,3,349.0,1047.0
2025-04-08,12253,Eletrônicos,Smartwatch,Norte,App,3,899.0,2697.0
2025-04-09,12254,Eletrônicos,Smartwatch,Sul,Loja Física,3,899.0,2697.0
2025-04-10,12255,Casa,Air Fryer,Sudeste,Site,2,413.1,826.2
2025-04-10,12256,Eletrônicos,Smartwatch,Sudeste,App,3,899.0,2697.0
2025-04-10,12257,Informática,Mouse Gamer,Sudeste,App,2,159.0,318.0
2025-04-10,12258,Moda,Jaqueta,Centro-Oeste,Loja Física,1,233.1,233.1
2025-04-10,12259,Eletrônicos,Notebook,Sul,App,2,3599.1,7198.2
2025-04-11,12260,Informática,Mouse Gamer,Sudeste,Site,2,151.05,302.1
2025-04-11,12261,Eletrônicos,Fone Bluetooth,Sudeste,Loja Física,2,211.65,423.3
2025-04-11,12262,Moda,Jaqueta,Sudeste,Site,3,246.05,738.15
2025-04-11,12263,Informática,"Monitor 24""",Norte,Site,1,999.0,999.0
2025-04-11,12264,Informática,Mouse Gamer,Centro-Oeste,Site,3,159.0,477.0
2025-04-12,12265,Esporte,Esteira,Sul,App,2,2799.0,5598.0
2025-04-12,12266,Eletrônicos,Notebook,Nordeste,Loja Física,2,3999.0,7998.0
2025-04-12,12267,Eletrônicos,Notebook,Nordeste,Site,2,3999.0,7998.0
2025-04-12,12268,Informática,Teclado Mecânico,Nordeste,Loja Física,3,349.0,1047.0
2025-04-12,12269,Informática,"Monitor 24""",Sul,Site,2,999.0,1998.0
2025-04-12,12270,Casa,Cafeteira,Sudeste,Site,3,289.0,867.0
2025-04-13,12271,Esporte,Esteira,Sul,App,1,2659.05,2659.05
2025-04-13,12272,Moda,Relógio,Sudeste,Site,2,329.0,658.0
2025-04-13,12273,Moda,Tênis Esportivo,Centro-Oeste,Site,1,359.1,359.1
2025-04-13,12274,Informática,SSD 1TB,Sul,Site,1,407.55,407.55
2025-04-13,12275,Eletrônicos,Smartwatch,Nordeste,App,2,899.0,1798.0
2025-04-13,12276,Informática,SSD 1TB,Centro-Oeste,Site,2,407.55,815.1
2025-04-13,12277,Eletrônicos,Fone Bluetooth,Sul,Site,3,249.0,747.0
2025-04-14,12278,Informática,Mouse Gamer,Sul,Site,3,151.05,453.15
2025-04-14,12279,Esporte,Esteira,Nordeste,Site,2,2799.0,5598.0
2025-04-14,12280,Casa,Liquidificador,Norte,Site,2,189.05,378.1
2025-04-14,12281,Esporte,Bicicleta,Sul,Site,3,1519.05,4557.15
2025-04-14,12282,Eletrônicos,Notebook,Sul,App,1,3599.1,3599.1
2025-04-14,12283,Casa,Air Fryer,Sudeste,App,2,459.0,918.0
2025-04-14,12284,Eletrônicos,Smartphone,Sudeste,Site,1,1899.0,1899.0
2025-04-15,12285,Esporte,Esteira,Sudeste,Loja Física,3,2659.05,7977.15
2025-04-15,12286,Esporte,Halteres 10kg,Sudeste,App,3,189.0,567.0
2025-04-16,12287,Informática,SSD 1TB,Sudeste,Site,1,429.0,429.0
2025-04-16,12288,Eletrônicos,Smartwatch,Sudeste,App,1,899.0,899.0
2025-04-16,12289,Informática,Teclado Mecânico,Norte,Site,3,349.0,1047.0
2025-04-16,12290,Esporte,Bicicleta,Centro-Oeste,Site,1,1519.05,1519.05
2025-04-16,12291,Eletrônicos,Fone Bluetooth,Sul,Site,1,249.0,249.0
2025-04-16,12292,Moda,Tênis Esportivo,Sul,App,1,359.1,359.1
2025-04-17,12293,Eletrônicos,Smartphone,Sudeste,App,3,1709.1,5127.3
2025-04-17,12294,Esporte,Tapete Yoga,Sudeste,App,2,94.05,188.1
2025-04-17,12295,Eletrônicos,Smartphone,Sudeste,Site,2,1804.05,3608.1
2025-04-17,12296,Eletrônicos,Smartwatch,Nordeste,Site,1,899.0,899.0
2025-04-17,12297,Casa,Aspirador Robô,Centro-Oeste,Site,2,1299.0,2598.0
2025-04-17,12298,Esporte,Tapete Yoga,Sudeste,Site,2,99.0,198.0
2025-04-17,12299,Casa,Air Fryer,Norte,App,2,459.0,918.0
2025-04-17,12300,Esporte,Tapete Yoga,Sul,Site,2,99.0,198.0
2025-04-18,12301,Casa,Liquidificador,Sudeste,Loja Física,1,199.0,199.0
2025-04-18,12302,Informática,Mouse Gamer,Sudeste,Loja Física,1,159.0,159.0
2025-04-18,12303,Informática,"Monitor 24""",Nordeste,Site,3,999.0,2997.0
2025-04-18,12304,Eletrônicos,Fone Bluetooth,Sudeste,App,1,211.65,211.65
2025-04-18,12305,Casa,Air Fryer,Sudeste,App,1,436.05,436.05
2025-04-18,12306,Moda,Jaqueta,Sudeste,Site,3,233.1,699.3
2025-04-18,12307,Casa,Liquidificador,Sudeste,Loja Física,3,199.0,597.0
2025-04-19,12308,Eletrônicos,Smartphone,Norte,Site,2,1899.0,3798.0
2025-04-19,12309,Informática,SSD 1TB,Sudeste,App,1,429.0,429.0
2025-04-19,12310,Casa,Liquidificador,Norte,App,2,199.0,398.0
2025-04-19,12311,Eletrônicos,Smartwatch,Sul,Site,1,899.0,899.0
2025-04-20,12312,Eletrônicos,Fone Bluetooth,Norte,Site,3,249.0,747.0
2025-04-20,12313,Eletrônicos,Notebook,Centro-Oeste,Loja Física,2,3999.0,7998.0
2025-04-21,12314,Informática,SSD 1TB,Sul,Site,3,429.0,1287.0
2025-04-22,12315,Moda,Jaqueta,Norte,App,1,259.0,259.0
2025-04-22,12316,Esporte,Halteres 10kg,Sul,App,2,189.0,378.0
2025-04-22,12317,Informática,"Monitor 24""",Sudeste,App,1,999.0,999.0
2025-04-22,12318,Informática,SSD 1TB,Nordeste,App,2,429.0,858.0
2025-04-22,12319,Moda,Mochila,Nordeste,Site,3,170.05,510.15
2025-04-22,12320,Moda,Mochila,Sudeste,Site,1,170.05,170.05
2025-04-22,12321,Moda,Tênis Esportivo,Sudeste,Site,1,339.15,339.15
2025-04-22,12322,Informática,"Monitor 24""",Sudeste,Loja Física,3,849.15,2547.45
2025-04-23,12323,Casa,Cafeteira,Sudeste,App,1,274.55,274.55
2025-04-23,12324,Informática,Teclado Mecânico,Centro-Oeste,Site,3,349.0,1047.0
2025-04-24,12325,Eletrônicos,Fone Bluetooth,Sul,App,3,249.0,747.0
2025-04-24,12326,Moda,Mochila,Centro-Oeste,Site,1,170.05,170.05
2025-04-24,12327,Informática,"Monitor 24""",Norte,Site,3,999.0,2997.0
2025-04-25,12328,Esporte,Halteres 10kg,Norte,App,3,189.0,567.0
2025-04-25,12329,Eletrônicos,Smartwatch,Norte,App,1,899.0,899.0
2025-04-26,12330,Esporte,Tapete Yoga,Sudeste,App,1,99.0,99.0
2025-04-26,12331,Casa,Aspirador Robô,Norte,Loja Física,3,1169.1,3507.3
2025-04-26,12332,Moda,Tênis Esportivo,Norte,Site,2,399.0,798.0
2025-04-27,12333,Casa,Liquidificador,Sudeste,Site,2,199.0,398.0
2025-04-27,12334,Eletrônicos,Notebook,Sudeste,Site,3,3999.0,11997.0
2025-04-27,12335,Eletrônicos,Smartwatch,Sul,Loja Física,2,854.05,1708.1
2025-04-27,12336,Esporte,Halteres 10kg,Sul,Site,1,189.0,189.0
2025-04-28,12337,Esporte,Tapete Yoga,Sudeste,Site,1,99.0,99.0
2025-04-28,12338,Moda,Tênis Esportivo,Sudeste,Loja Física,1,399.0,399.0
2025-04-28,12339,Moda,Relógio,Nordeste,App,1,312.55,312.55
2025-04-28,12340,Moda,Relógio,Nordeste,Loja Física,3,312.55,937.65
2025-04-28,12341,Eletrônicos,Fone Bluetooth,Sudeste,Site,2,249.0,498.0
2025-04-29,12342,Informática,Mouse Gamer,Sudeste,Site,1,135.15,135.15
2025-04-30,12343,Esporte,Esteira,Norte,Loja Física,3,2659.05,7977.15
2025-04-30,12344,Eletrônicos,Smartwatch,Nordeste,Loja Física,1,854.05,854.05
2025-04-30,12345,Eletrônicos,Notebook,Sudeste,App,2,3999.0,7998.0
2025-04-30,12346,Casa,Cafeteira,Centro-Oeste,App,2,289.0,578.0
2025-05-01,12347,Casa,Cafeteira,Sudeste,App,1,289.0,289.0
2025-05-01,12348,Moda,Tênis Esportivo,Sudeste,App,2,379.05,758.1
2025-05-01,12349,Casa,Air Fryer,Sudeste,Loja Física,1,459.0,459.0
2025-05-01,12350,Moda,Jaqueta,Sudeste,Site,1,246.05,246.05
2025-05-01,12351,Esporte,Halteres 10kg,Sudeste,App,1,189.0,189.0
2025-05-01,12352,Esporte,Esteira,Norte,App,2,2659.05,5318.1
2025-05-01,12353,Casa,Cafeteira,Sul,Site,1,245.65,245.65
2025-05-02,12354,Informática,"Monitor 24""",Sudeste,Site,1,949.05,949.05
2025-05-02,12355,Eletrônicos,Smartwatch,Norte,Site,1,899.0,899.0
2025-05-02,12356,Casa,Air Fryer,Sudeste,App,3,459.0,1377.0
2025-05-02,12357,Eletrônicos,Notebook,Sul,Site,1,3999.0,3999.0
2025-05-02,12358,Casa,Air Fryer,Sul,Site,3,459.0,1377.0
2025-05-02,12359,Eletrônicos,Notebook,Nordeste,Site,2,3999.0,7998.0
2025-05-02,12360,Casa,Liquidificador,Sudeste,Site,1,189.05,189.05
2025-05-02,12361,Moda,Mochila,Sudeste,Site,3,179.0,537.0
2025-05-02,12362,Moda,Jaqueta,Nordeste,App,2,259.0,518.0
2025-05-03,12363,Moda,Relógio,Sul,Loja Física,1,329.0,329.0
2025-05-03,12364,Informática,SSD 1TB,Centro-Oeste,Site,1,407.55,407.55
2025-05-03,12365,Informática,"Monitor 24""",Sul,Site,2,999.0,1998.0
2025-05-03,12366,Casa,Liquidificador,Sudeste,App,3,179.1,537.3
2025-05-03,12367,Esporte,Bicicleta,Sudeste,App,1,1519.05,1519.05
2025-05-04,12368,Eletrônicos,Fone Bluetooth,Sul,App,1,249.0,249.0
2025-05-04,12369,Esporte,Tapete Yoga,Sudeste,Site,1,99.0,99.0
2025-05-04,12370,Casa,Aspirador Robô,Nordeste,App,3,1299.0,3897.0
2025-05-04,12371,Eletrônicos,Smartwatch,Centro-Oeste,App,2,899.0,1798.0
2025-05-04,12372,Eletrônicos,Smartphone,Centro-Oeste,Site,2,1804.05,3608.1
2025-05-04,12373,Esporte,Tapete Yoga,Sudeste,Site,1,84.15,84.15
2025-05-04,12374,Eletrônicos,Fone Bluetooth,Norte,Site,1,224.1,224.1
2025-05-04,12375,Eletrônicos,Notebook,Nordeste,Site,1,3999.0,3999.0
2025-05-05,12376,Informática,"Monitor 24""",Sudeste,App,1,949.05,949.05
2025-05-05,12377,Esporte,Esteira,Sudeste,Loja Física,2,2799.0,5598.0
2025-05-05,12378,Casa,Air Fryer,Norte,App,1,459.0,459.0
2025-05-05,12379,Informática,"Monitor 24""",Norte,Loja Física,3,999.0,2997.0
2025-05-05,12380,Esporte,Halteres 10kg,Sudeste,App,1,189.0,189.0
2025-05-05,12381,Informática,"Monitor 24""",Sul,App,3,849.15,2547.45
2025-05-05,12382,Casa,Liquidificador,Sudeste,App,2,199.0,398.0
2025-05-06,12383,Eletrônicos,Smartphone,Sudeste,App,3,1899.0,5697.0
2025-05-06,12384,Casa,Aspirador Robô,Sudeste,Site,1,1104.15,1104.15
2025-05-06,12385,Esporte,Tapete Yoga,Nordeste,Loja Física,1,94.05,94.05
2025-05-06,12386,Casa,Air Fryer,Norte,Site,1,459.0,459.0
2025-05-06,12387,Esporte,Esteira,Nordeste,Loja Física,1,2799.0,2799.0
2025-05-06,12388,Moda,Relógio,Nordeste,Site,1,312.55,312.55
2025-05-06,12389,Eletrônicos,Smartwatch,Centro-Oeste,Loja Física,2,899.0,1798.0
2025-05-06,12390,Casa,Liquidificador,Sudeste,Site,1,189.05,189.05
2025-05-07,12391,Casa,Air Fryer,Nordeste,App,1,436.05,436.05
2025-05-07,12392,Informática,SSD 1TB,Nordeste,Site,1,429.0,429.0
2025-05-07,12393,Eletrônicos,Smartphone,Sudeste,Loja Física,1,1899.0,1899.0
2025-05-07,12394,Informática,Teclado Mecânico,Sudeste,App,2,331.55,663.1
2025-05-07,12395,Eletrônicos,Fone Bluetooth,Nordeste,Site,3,249.0,747.0
2025-05-08,12396,Esporte,Bicicleta,Sudeste,Site,2,1599.0,3198.0
2025-05-08,12397,Eletrônicos,Smartphone,Sudeste,App,2,1899.0,3798.0
2025-05-08,12398,Moda,Mochila,Sudeste,Site,1,179.0,179.0
2025-05-08,12399,Casa,Aspirador Robô,Sudeste,Site,1,1299.0,1299.0
2025-05-08,12400,Eletrônicos,Notebook,Sudeste,Site,1,3999.0,3999.0
2025-05-08,12401,Eletrônicos,Smartwatch,Sul,Site,1,899.0,899.0
2025-05-08,12402,Informática,Mouse Gamer,Sul,Loja Física,3,159.0,477.0
2025-05-08,12403,Casa,Air Fryer,Norte,Site,3,436.05,1308.15
2025-05-08,12404,Informática,Mouse Gamer,Nordeste,Site,2,159.0,318.0
2025-05-08,12405,Informática,"Monitor 24""",Sudeste,App,1,999.0,999.0
2025-05-08,12406,Eletrônicos,Fone Bluetooth,Norte,App,3,224.1,672.3
2025-05-09,12407,Moda,Relógio,Sul,Site,2,296.1,592.2
2025-05-09,12408,Esporte,Halteres 10kg,Sul,App,3,179.55,538.65
2025-05-09,12409,Casa,Aspirador Robô,Centro-Oeste,Loja Física,3,1299.0,3897.0
2025-05-09,12410,Moda,Mochila,Sul,App,2,179.0,358.0
2025-05-09,12411,Casa,Aspirador Robô,Sudeste,Loja Física,2,1299.0,2598.0
2025-05-10,12412,Esporte,Halteres 10kg,Nordeste,Site,2,179.55,359.1
2025-05-10,12413,Esporte,Halteres 10kg,Sudeste,App,3,160.65,481.95
2025-05-10,12414,Informática,SSD 1TB,Sudeste,Site,2,386.1,772.2
2025-05-10,12415,Casa,Liquidificador,Sudeste,Loja Física,1,199.0,199.0
2025-05-10,12416,Eletrônicos,Fone Bluetooth,Centro-Oeste,App,3,249.0,747.0
2025-05-10,12417,Moda,Mochila,Nordeste,Site,2,179.0,358.0
2025-05-10,12418,Informática,"Monitor 24""",Nordeste,Site,3,999.0,2997.0
2025-05-11,12419,Eletrônicos,Notebook,Sul,App,3,3999.0,11997.0
2025-05-11,12420,Moda,Jaqueta,Sudeste,App,1,259.0,259.0
2025-05-11,12421,Informática,SSD 1TB,Nordeste,App,2,407.55,815.1
2025-05-11,12422,Eletrônicos,Smartwatch,Sul,Loja Física,2,764.15,1528.3
2025-05-12,12423,Moda,Mochila,Sudeste,Site,2,179.0,358.0
2025-05-12,12424,Casa,Liquidificador,Nordeste,App,2,179.1,358.2
2025-05-12,12425,Esporte,Tapete Yoga,Sul,Site,3,99.0,297.0
2025-05-12,12426,Informática,SSD 1TB,Nordeste,App,2,407.55,815.1
2025-05-12,12427,Informática,Mouse Gamer,Centro-Oeste,Site,2,159.0,318.0
2025-05-12,12428,Moda,Relógio,Sudeste,Site,2,329.0,658.0
2025-05-12,12429,Casa,Air Fryer,Sudeste,App,1,413.1,413.1
2025-05-12,12430,Casa,Air Fryer,Centro-Oeste,Site,3,459.0,1377.0
2025-05-13,12431,Esporte,Tapete Yoga,Centro-Oeste,Loja Física,1,99.0,99.0
2025-05-13,12432,Informática,Teclado Mecânico,Sudeste,Site,2,349.0,698.0
2025-05-13,12433,Eletrônicos,Smartwatch,Sudeste,App,1,854.05,854.05
2025-05-13,12434,Informática,"Monitor 24""",Sul,Loja Física,2,999.0,1998.0
2025-05-13,12435,Casa,Liquidificador,Centro-Oeste,Loja Física,2,199.0,398.0
2025-05-14,12436,Moda,Tênis Esportivo,Sul,Site,3,379.05,1137.15
2025-05-14,12437,Eletrônicos,Smartwatch,Sul,Site,3,899.0,2697.0
2025-05-14,12438,Casa,Cafeteira,Centro-Oeste,Site,3,289.0,867.0
2025-05-14,12439,Esporte,Tapete Yoga,Sul,Site,2,99.0,198.0
2025-05-14,12440,Moda,Tênis Esportivo,Sul,Site,3,379.05,1137.15
2025-05-14,12441,Moda,Relógio,Sudeste,Site,3,329.0,987.0
2025-05-14,12442,Moda,Tênis Esportivo,Centro-Oeste,App,3,399.0,1197.0
2025-05-14,12443,Eletrônicos,Fone Bluetooth,Sudeste,Loja Física,3,236.55,709.65
2025-05-15,12444,Casa,Cafeteira,Sudeste,Loja Física,3,260.1,780.3
2025-05-15,12445,Esporte,Halteres 10kg,Centro-Oeste,Loja Física,1,179.55,179.55
2025-05-15,12446,Esporte,Tapete Yoga,Sudeste,Site,3,94.05,282.15
2025-05-15,12447,Informática,SSD 1TB,Sudeste,Loja Física,3,386.1,1158.3
2025-05-15,12448,Eletrônicos,Notebook,Norte,Site,2,3599.1,7198.2
2025-05-15,12449,Casa,Aspirador Robô,Centro-Oeste,Site,1,1169.1,1169.1
2025-05-15,12450,Informática,Teclado Mecânico,Sudeste,Loja Física,1,349.0,349.0
2025-05-16,12451,Eletrônicos,Smartwatch,Nordeste,Site,3,899.0,2697.0
2025-05-16,12452,Esporte,Bicicleta,Sudeste,Site,2,1599.0,3198.0
2025-05-16,12453,Moda,Jaqueta,Sul,App,3,259.0,777.0
2025-05-16,12454,Casa,Liquidificador,Sudeste,Site,3,189.05,567.15
2025-05-16,12455,Esporte,Tapete Yoga,Norte,App,2,84.15,168.3
2025-05-16,12456,Esporte,Bicicleta,Nordeste,Loja Física,3,1599.0,4797.0
2025-05-16,12457,Moda,Relógio,Sudeste,Site,2,329.0,658.0
2025-05-16,12458,Casa,Cafeteira,Sudeste,App,3,274.55,823.65
2025-05-16,12459,Esporte,Halteres 10kg,Sul,App,1,189.0,189.0
2025-05-16,12460,Casa,Aspirador Robô,Sudeste,App,3,1234.05,3702.15
2025-05-17,12461,Casa,Liquidificador,Norte,Loja Física,3,199.0,597.0
2025-05-17,12462,Esporte,Tapete Yoga,Sudeste,Loja Física,2,99.0,198.0
2025-05-17,12463,Casa,Liquidificador,Sudeste,App,2,199.0,398.0
2025-05-17,12464,Esporte,Halteres 10kg,Sudeste,Site,2,189.0,378.0
2025-05-17,12465,Esporte,Bicicleta,Sul,App,2,1599.0,3198.0
2025-05-17,12466,Moda,Jaqueta,Nordeste,App,3,246.05,738.15
2025-05-17,12467,Casa,Aspirador Robô,Sul,App,1,1299.0,1299.0
2025-05-17,12468,Moda,Tênis Esportivo,Sudeste,Site,2,399.0,798.0
2025-05-17,12469,Informática,"Monitor 24""",Sudeste,Site,2,999.0,1998.0
2025-05-17,12470,Casa,Liquidificador,Sudeste,Site,3,199.0,597.0
2025-05-18,12471,Moda,Jaqueta,Norte,App,1,259.0,259.0
2025-05-18,12472,Moda,Relógio,Centro-Oeste,Loja Física,1,329.0,329.0
2025-05-18,12473,Casa,Liquidificador,Sudeste,Site,1,189.05,189.05
2025-05-18,12474,Informática,Mouse Gamer,Sul,App,3,135.15,405.45
2025-05-18,12475,Casa,Air Fryer,Centro-Oeste,Site,1,459.0,459.0
2025-05-18,12476,Casa,Liquidificador,Sul,Site,3,199.0,597.0
2025-05-19,12477,Casa,Aspirador Robô,Nordeste,App,2,1299.0,2598.0
2025-05-19,12478,Esporte,Bicicleta,Nordeste,App,1,1519.05,1519.05
2025-05-19,12479,Esporte,Tapete Yoga,Nordeste,Loja Física,1,89.1,89.1
2025-05-19,12480,Informática,"Monitor 24""",Centro-Oeste,Site,1,999.0,999.0
2025-05-19,12481,Esporte,Halteres 10kg,Centro-Oeste,App,3,179.55,538.65
2025-05-19,12482,Moda,Relógio,Nordeste,Loja Física,3,329.0,987.0
2025-05-19,12483,Casa,Aspirador Robô,Sul,App,3,1299.0,3897.0
2025-05-19,12484,Eletrônicos,Smartphone,Centro-Oeste,Site,2,1804.05,3608.1
2025-05-19,12485,Esporte,Esteira,Sul,App,2,2799.0,5598.0
2025-05-19,12486,Casa,Aspirador Robô,Sudeste,App,3,1299.0,3897.0
2025-05-19,12487,Moda,Relógio,Norte,Site,2,329.0,658.0
2025-05-19,12488,Casa,Cafeteira,Nordeste,Loja Física,1,289.0,289.0
2025-05-19,12489,Informática,Mouse Gamer,Centro-Oeste,Loja Física,1,151.05,151.05
2025-05-20,12490,Moda,Relógio,Sudeste,Site,3,279.65,838.95
2025-05-20,12491,Informática,SSD 1TB,Sudeste,Site,2,429.0,858.0
2025-05-20,12492,Casa,Cafeteira,Nordeste,App,1,260.1,260.1
2025-05-20,12493,Esporte,Bicicleta,Centro-Oeste,Loja Física,2,1599.0,3198.0
2025-05-20,12494,Casa,Air Fryer,Sudeste,Site,2,390.15,780.3
2025-05-20,12495,Esporte,Tapete Yoga,Sudeste,App,1,89.1,89.1
2025-05-20,12496,Informática,"Monitor 24""",Sul,Loja Física,1,999.0,999.0
2025-05-20,12497,Moda,Mochila,Sudeste,Site,2,179.0,358.0
2025-05-20,12498,Moda,Mochila,Sudeste,App,3,179.0,537.0
2025-05-20,12499,Moda,Mochila,Sul,App,1,179.0,179.0
2025-05-21,12500,Casa,Liquidificador,Centro-Oeste,App,2,199.0,398.0
2025-05-21,12501,Informática,"Monitor 24""",Nordeste,App,2,999.0,1998.0
2025-05-21,12502,Informática,SSD 1TB,Nordeste,App,3,386.1,1158.3
2025-05-21,12503,Moda,Relógio,Norte,Site,3,296.1,888.3
2025-05-21,12504,Esporte,Tapete Yoga,Sudeste,App,3,94.05,282.15
2025-05-22,12505,Informática,Mouse Gamer,Centro-Oeste,Site,2,159.0,318.0
2025-05-22,12506,Informática,Teclado Mecânico,Sul,Loja Física,2,314.1,628.2
2025-05-22,12507,Casa,Air Fryer,Sul,Loja Física,1,459.0,459.0
2025-05-22,12508,Informática,SSD 1TB,Sudeste,Loja Física,2,407.55,815.1
2025-05-22,12509,Casa,Cafeteira,Sul,Site,3,245.65,736.95
2025-05-22,12510,Informática,"Monitor 24""",Centro-Oeste,App,1,999.0,999.0
2025-05-22,12511,Esporte,Tapete Yoga,Nordeste,App,2,94.05,188.1
2025-05-23,12512,Eletrônicos,Smartwatch,Sudeste,App,3,899.0,2697.0
2025-05-23,12513,Esporte,Bicicleta,Sudeste,Site,2,1599.0,3198.0
2025-05-23,12514,Eletrônicos,Fone Bluetooth,Sul,App,3,249.0,747.0
2025-05-23,12515,Moda,Jaqueta,Sudeste,Site,2,259.0,518.0
2025-05-23,12516,Casa,Aspirador Robô,Norte,Loja Física,1,1169.1,1169.1
2025-05-23,12517,Informática,Mouse Gamer,Sudeste,Loja Física,1,159.0,159.0
2025-05-23,12518,Moda,Mochila,Norte,Site,3,179.0,537.0
2025-05-23,12519,Informática,Teclado Mecânico,Norte,App,2,349.0,698.0
2025-05-24,12520,Eletrônicos,Fone Bluetooth,Nordeste,Loja Física,2,249.0,498.0
2025-05-24,12521,Eletrônicos,Notebook,Nordeste,Site,3,3999.0,11997.0
2025-05-24,12522,Casa,Liquidificador,Sul,Site,1,189.05,189.05
2025-05-24,12523,Esporte,Halteres 10kg,Sul,Site,3,179.55,538.65
2025-05-24,12524,Eletrônicos,Fone Bluetooth,Sudeste,App,3,236.55,709.65
2025-05-24,12525,Moda,Tênis Esportivo,Sudeste,Site,3,379.05,1137.15
2025-05-24,12526,Eletrônicos,Smartwatch,Norte,Loja Física,3,854.05,2562.15
2025-05-24,12527,Moda,Jaqueta,Nordeste,Site,3,259.0,777.0
2025-05-24,12528,Moda,Tênis Esportivo,Nordeste,Site,1,399.0,399.0
2025-05-24,12529,Esporte,Esteira,Sudeste,Site,3,2659.05,7977.15
2025-05-25,12530,Esporte,Tapete Yoga,Sudeste,App,2,94.05,188.1
2025-05-25,12531,Casa,Liquidificador,Nordeste,Site,1,199.0,199.0
2025-05-25,12532,Esporte,Tapete Yoga,Nordeste,Site,3,99.0,297.0
2025-05-25,12533,Esporte,Esteira,Nordeste,Site,1,2799.0,2799.0
2025-05-25,12534,Eletrônicos,Fone Bluetooth,Nordeste,App,3,236.55,709.65
2025-05-25,12535,Moda,Relógio,Sul,App,1,329.0,329.0
2025-05-25,12536,Esporte,Esteira,Sudeste,App,1,2799.0,2799.0
2025-05-26,12537,Moda,Jaqueta,Sudeste,Site,3,259.0,777.0
2025-05-26,12538,Esporte,Halteres 10kg,Nordeste,App,1,189.0,189.0
2025-05-26,12539,Casa,Liquidificador,Nordeste,App,3,199.0,597.0
2025-05-26,12540,Eletrônicos,Smartphone,Sul,App,3,1899.0,5697.0
2025-05-26,12541,Casa,Air Fryer,Sudeste,App,2,459.0,918.0
2025-05-26,12542,Esporte,Bicicleta,Centro-Oeste,Site,3,1439.1,4317.3
2025-05-26,12543,Casa,Aspirador Robô,Sul,Loja Física,1,1299.0,1299.0
2025-05-26,12544,Esporte,Bicicleta,Sul,Loja Física,1,1439.1,1439.1
2025-05-27,12545,Informática,Mouse Gamer,Sudeste,Site,2,151.05,302.1
2025-05-27,12546,Eletrônicos,Fone Bluetooth,Norte,App,1,224.1,224.1
2025-05-27,12547,Moda,Relógio,Sudeste,Site,2,329.0,658.0
2025-05-27,12548,Esporte,Halteres 10kg,Sudeste,Loja Física,1,189.0,189.0
2025-05-27,12549,Eletrônicos,Fone Bluetooth,Norte,App,1,211.65,211.65
2025-05-27,12550,Informática,SSD 1TB,Nordeste,Loja Física,3,364.65,1093.95
2025-05-27,12551,Eletrônicos,Smartphone,Sudeste,Site,3,1899.0,5697.0
2025-05-27,12552,Casa,Cafeteira,Sudeste,Site,1,289.0,289.0
2025-05-27,12553,Moda,Relógio,Sudeste,Loja Física,2,312.55,625.1
2025-05-27,12554,Moda,Jaqueta,Sul,Loja Física,1,259.0,259.0
2025-05-27,12555,Moda,Relógio,Sul,App,1,312.55,312.55
2025-05-27,12556,Moda,Tênis Esportivo,Norte,Loja Física,1,399.0,399.0
2025-05-28,12557,Esporte,Bicicleta,Nordeste,Site,2,1599.0,3198.0
2025-05-28,12558,Eletrônicos,Notebook,Nordeste,Site,2,3799.05,7598.1
2025-05-28,12559,Informática,"Monitor 24""",Sul,Loja Física,1,949.05,949.05
2025-05-28,12560,Informática,Teclado Mecânico,Centro-Oeste,Site,3,331.55,994.65
2025-05-28,12561,Eletrônicos,Fone Bluetooth,Sul,App,2,249.0,498.0
2025-05-29,12562,Eletrônicos,Notebook,Sudeste,Loja Física,1,3999.0,3999.0
2025-05-29,12563,Informática,Mouse Gamer,Sudeste,Site,1,151.05,151.05
2025-05-29,12564,Informática,Mouse Gamer,Norte,App,2,159.0,318.0
2025-05-29,12565,Esporte,Tapete Yoga,Sul,App,1,94.05,94.05
2025-05-29,12566,Eletrônicos,Fone Bluetooth,Sudeste,Loja Física,2,249.0,498.0
2025-05-29,12567,Moda,Relógio,Nordeste,App,3,312.55,937.65
2025-05-29,12568,Eletrônicos,Smartphone,Nordeste,App,1,1709.1,1709.1
2025-05-29,12569,Casa,Aspirador Robô,Norte,Site,2,1299.0,2598.0
2025-05-29,12570,Moda,Jaqueta,Nordeste,App,3,233.1,699.3
2025-05-29,12571,Moda,Tênis Esportivo,Sudeste,Site,3,379.05,1137.15
2025-05-30,12572,Casa,Aspirador Robô,Centro-Oeste,Site,2,1299.0,2598.0
2025-05-30,12573,Eletrônicos,Smartphone,Sul,App,1,1899.0,1899.0
2025-05-30,12574,Casa,Aspirador Robô,Sul,App,3,1299.0,3897.0
2025-05-30,12575,Esporte,Bicicleta,Nordeste,Loja Física,3,1439.1,4317.3
2025-05-30,12576,Moda,Jaqueta,Norte,Site,3,259.0,777.0
2025-05-30,12577,Esporte,Esteira,Centro-Oeste,Site,1,2519.1,2519.1
2025-05-30,12578,Moda,Relógio,Nordeste,App,3,329.0,987.0
2025-05-30,12579,Informática,Mouse Gamer,Sul,Loja Física,2,159.0,318.0
2025-05-31,12580,Esporte,Esteira,Sudeste,App,1,2799.0,2799.0
2025-05-31,12581,Moda,Mochila,Centro-Oeste,Site,3,170.05,510.15
2025-05-31,12582,Eletrônicos,Smartphone,Sul,App,2,1899.0,3798.0
2025-06-01,12583,Eletrônicos,Smartphone,Sudeste,Loja Física,3,1899.0,5697.0
2025-06-01,12584,Moda,Tênis Esportivo,Sudeste,Site,2,379.05,758.1
2025-06-01,12585,Moda,Mochila,Nordeste,App,1,179.0,179.0
2025-06-01,12586,Moda,Relógio,Nordeste,App,2,312.55,625.1
2025-06-01,12587,Esporte,Tapete Yoga,Centro-Oeste,Site,1,89.1,89.1
2025-06-02,12588,Casa,Aspirador Robô,Sudeste,App,1,1299.0,1299.0
2025-06-02,12589,Eletrônicos,Fone Bluetooth,Centro-Oeste,Site,2,249.0,498.0
2025-06-02,12590,Informática,SSD 1TB,Sudeste,Site,2,429.0,858.0
2025-06-02,12591,Esporte,Esteira,Centro-Oeste,Site,2,2799.0,5598.0
2025-06-02,12592,Casa,Cafeteira,Centro-Oeste,Site,3,289.0,867.0
2025-06-02,12593,Esporte,Esteira,Centro-Oeste,Site,3,2799.0,8397.0
2025-06-02,12594,Moda,Tênis Esportivo,Centro-Oeste,App,2,359.1,718.2
2025-06-02,12595,Casa,Aspirador Robô,Centro-Oeste,Loja Física,1,1234.05,1234.05
2025-06-02,12596,Moda,Jaqueta,Sul,Site,2,246.05,492.1
2025-06-02,12597,Eletrônicos,Smartwatch,Nordeste,Site,3,899.0,2697.0
2025-06-03,12598,Moda,Relógio,Norte,Site,2,329.0,658.0
2025-06-03,12599,Moda,Relógio,Sul,App,2,329.0,658.0
2025-06-03,12600,Eletrônicos,Smartphone,Sudeste,Site,3,1899.0,5697.0
2025-06-03,12601,Casa,Aspirador Robô,Sul,App,2,1169.1,2338.2
2025-06-04,12602,Informática,Mouse Gamer,Sul,Site,2,159.0,318.0
2025-06-04,12603,Informática,Mouse Gamer,Nordeste,Site,2,159.0,318.0
2025-06-04,12604,Casa,Air Fryer,Sul,Site,1,459.0,459.0
2025-06-04,12605,Casa,Air Fryer,Nordeste,Site,3,436.05,1308.15
2025-06-04,12606,Casa,Cafeteira,Nordeste,Site,3,274.55,823.65
2025-06-04,12607,Moda,Tênis Esportivo,Nordeste,Site,2,399.0,798.0
2025-06-04,12608,Casa,Liquidificador,Sudeste,Site,1,199.0,199.0
2025-06-04,12609,Moda,Tênis Esportivo,Sul,Loja Física,2,399.0,798.0
2025-06-04,12610,Casa,Cafeteira,Sudeste,App,3,289.0,867.0
2025-06-05,12611,Informática,SSD 1TB,Nordeste,App,2,429.0,858.0
2025-06-05,12612,Eletrônicos,Smartphone,Centro-Oeste,App,2,1709.1,3418.2
2025-06-05,12613,Esporte,Tapete Yoga,Centro-Oeste,Site,2,99.0,198.0
2025-06-05,12614,Informática,Teclado Mecânico,Sudeste,Site,3,349.0,1047.0
2025-06-06,12615,Informática,Mouse Gamer,Sudeste,Site,1,151.05,151.05
2025-06-06,12616,Casa,Air Fryer,Sudeste,Site,2,459.0,918.0
2025-06-06,12617,Moda,Relógio,Sul,App,1,296.1,296.1
2025-06-06,12618,Informática,SSD 1TB,Sudeste,Site,3,429.0,1287.0
2025-06-06,12619,Eletrônicos,Fone Bluetooth,Sul,Site,2,224.1,448.2
2025-06-06,12620,Casa,Cafeteira,Centro-Oeste,Site,1,289.0,289.0
2025-06-06,12621,Moda,Relógio,Sudeste,App,2,329.0,658.0
2025-06-07,12622,Eletrônicos,Notebook,Sul,App,2,3599.1,7198.2
2025-06-07,12623,Casa,Aspirador Robô,Nordeste,Site,1,1299.0,1299.0
2025-06-07,12624,Casa,Liquidificador,Centro-Oeste,Site,1,199.0,199.0
2025-06-07,12625,Eletrônicos,Smartphone,Norte,App,2,1899.0,3798.0
2025-06-07,12626,Eletrônicos,Smartphone,Sudeste,App,3,1804.05,5412.15
2025-06-07,12627,Casa,Liquidificador,Sul,Loja Física,1,189.05,189.05
2025-06-07,12628,Moda,Relógio,Sudeste,App,1,312.55,312.55
2025-06-08,12629,Esporte,Halteres 10kg,Sudeste,Site,1,170.1,170.1
2025-06-08,12630,Esporte,Esteira,Centro-Oeste,App,2,2659.05,5318.1
2025-06-08,12631,Esporte,Bicicleta,Sudeste,Site,3,1439.1,4317.3
2025-06-08,12632,Informática,Mouse Gamer,Sul,Site,1,143.1,143.1
2025-06-08,12633,Esporte,Halteres 10kg,Sul,Site,1,189.0,189.0
2025-06-08,12634,Esporte,Bicicleta,Nordeste,Site,1,1439.1,1439.1
2025-06-08,12635,Esporte,Tapete Yoga,Sudeste,Site,3,89.1,267.3
2025-06-08,12636,Informática,SSD 1TB,Nordeste,App,3,386.1,1158.3
2025-06-08,12637,Esporte,Tapete Yoga,Sul,App,2,99.0,198.0
2025-06-09,12638,Moda,Mochila,Sudeste,Loja Física,3,179.0,537.0
2025-06-09,12639,Moda,Jaqueta,Sul,App,1,259.0,259.0
2025-06-09,12640,Esporte,Bicicleta,Sudeste,App,3,1599.0,4797.0
2025-06-09,12641,Esporte,Tapete Yoga,Sul,App,2,89.1,178.2
2025-06-09,12642,Esporte,Bicicleta,Centro-Oeste,Loja Física,3,1439.1,4317.3
2025-06-09,12643,Esporte,Tapete Yoga,Norte,App,3,99.0,297.0
2025-06-10,12644,Eletrônicos,Fone Bluetooth,Sudeste,App,1,224.1,224.1
2025-06-10,12645,Eletrônicos,Fone Bluetooth,Nordeste,App,2,249.0,498.0
2025-06-10,12646,Moda,Mochila,Sul,Site,1,179.0,179.0
2025-06-10,12647,Informática,SSD 1TB,Sudeste,App,2,386.1,772.2
2025-06-10,12648,Informática,Mouse Gamer,Sudeste,App,1,159.0,159.0
2025-06-10,12649,Esporte,Bicicleta,Norte,App,2,1599.0,3198.0
2025-06-11,12650,Moda,Mochila,Sul,Site,2,170.05,340.1
2025-06-11,12651,Esporte,Halteres 10kg,Sudeste,Loja Física,3,189.0,567.0
2025-06-11,12652,Esporte,Esteira,Sul,Site,3,2799.0,8397.0
2025-06-11,12653,Moda,Relógio,Sudeste,App,3,329.0,987.0
2025-06-11,12654,Casa,Air Fryer,Sul,App,1,436.05,436.05
2025-06-11,12655,Casa,Liquidificador,Sul,App,3,199.0,597.0
2025-06-12,12656,Eletrônicos,Fone Bluetooth,Sudeste,App,1,236.55,236.55
2025-06-12,12657,Moda,Relógio,Sudeste,Site,2,329.0,658.0
2025-06-12,12658,Eletrônicos,Smartphone,Sudeste,Loja Física,3,1614.15,4842.45
2025-06-12,12659,Casa,Air Fryer,Sudeste,App,1,413.1,413.1
2025-06-12,12660,Esporte,Tapete Yoga,Sudeste,App,3,99.0,297.0
2025-06-13,12661,Informática,"Monitor 24""",Nordeste,Site,2,999.0,1998.0
2025-06-13,12662,Eletrônicos,Notebook,Nordeste,Site,3,3999.0,11997.0
2025-06-13,12663,Casa,Liquidificador,Sudeste,Site,3,179.1,537.3
2025-06-13,12664,Eletrônicos,Smartphone,Sul,Loja Física,2,1899.0,3798.0
2025-06-14,12665,Informática,Mouse Gamer,Sudeste,App,1,159.0,159.0
2025-06-14,12666,Informática,SSD 1TB,Sudeste,Site,3,386.1,1158.3
2025-06-14,12667,Casa,Aspirador Robô,Nordeste,App,1,1299.0,1299.0
2025-06-14,12668,Eletrônicos,Notebook,Nordeste,Loja Física,1,3799.05,3799.05
2025-06-14,12669,Casa,Cafeteira,Sudeste,App,3,274.55,823.65
2025-06-14,12670,Moda,Tênis Esportivo,Sul,Site,3,399.0,1197.0
2025-06-14,12671,Informática,SSD 1TB,Sudeste,App,2,429.0,858.0
2025-06-15,12672,Eletrônicos,Fone Bluetooth,Sul,Site,3,249.0,747.0
2025-06-15,12673,Informática,SSD 1TB,Nordeste,Site,2,407.55,815.1
2025-06-15,12674,Moda,Mochila,Sudeste,Loja Física,2,161.1,322.2
2025-06-15,12675,Casa,Liquidificador,Sudeste,App,1,179.1,179.1
2025-06-15,12676,Esporte,Esteira,Sudeste,Loja Física,1,2659.05,2659.05
2025-06-15,12677,Esporte,Bicicleta,Nordeste,Site,3,1599.0,4797.0
2025-06-15,12678,Eletrônicos,Notebook,Sudeste,Loja Física,1,3999.0,3999.0
2025-06-15,12679,Informática,Teclado Mecânico,Sudeste,Site,2,349.0,698.0
2025-06-16,12680,Informática,SSD 1TB,Sudeste,App,1,407.55,407.55
2025-06-16,12681,Esporte,Esteira,Nordeste,Loja Física,3,2799.0,8397.0
2025-06-17,12682,Esporte,Tapete Yoga,Nordeste,Site,3,99.0,297.0
2025-06-17,12683,Casa,Aspirador Robô,Sudeste,Site,1,1169.1,1169.1
2025-06-17,12684,Casa,Liquidificador,Norte,Site,1,199.0,199.0
2025-06-17,12685,Moda,Tênis Esportivo,Sudeste,App,2,399.0,798.0
2025-06-17,12686,Esporte,Esteira,Nordeste,Site,2,2519.1,5038.2
2025-06-17,12687,Informática,"Monitor 24""",Nordeste,Site,3,999.0,2997.0
2025-06-17,12688,Esporte,Tapete Yoga,Sudeste,App,2,94.05,188.1
2025-06-17,12689,Informática,Mouse Gamer,Sudeste,Site,3,151.05,453.15
2025-06-18,12690,Moda,Jaqueta,Sudeste,App,3,246.05,738.15
2025-06-18,12691,Eletrônicos,Smartphone,Sudeste,Loja Física,3,1804.05,5412.15
2025-06-18,12692,Eletrônicos,Fone Bluetooth,Norte,App,2,249.0,498.0
2025-06-18,12693,Moda,Tênis Esportivo,Sul,Site,3,339.15,1017.45
2025-06-18,12694,Casa,Cafeteira,Sudeste,App,2,289.0,578.0
2025-06-19,12695,Casa,Cafeteira,Centro-Oeste,App,3,289.0,867.0
2025-06-19,12696,Moda,Relógio,Nordeste,Loja Física,3,296.1,888.3
2025-06-19,12697,Moda,Relógio,Sudeste,Loja Física,3,329.0,987.0
2025-06-19,12698,Casa,Cafeteira,Sudeste,App,1,260.1,260.1
2025-06-20,12699,Eletrônicos,Notebook,Sudeste,App,1,3599.1,3599.1
2025-06-20,12700,Esporte,Bicicleta,Nordeste,Site,1,1599.0,1599.0
2025-06-20,12701,Moda,Jaqueta,Sul,Site,1,233.1,233.1
2025-06-20,12702,Informática,Teclado Mecânico,Sudeste,Loja Física,3,314.1,942.3
2025-06-20,12703,Esporte,Halteres 10kg,Sudeste,App,2,189.0,378.0
2025-06-21,12704,Informática,Mouse Gamer,Nordeste,App,3,151.05,453.15
2025-06-21,12705,Casa,Air Fryer,Centro-Oeste,Site,1,459.0,459.0
2025-06-21,12706,Eletrônicos,Smartphone,Sudeste,App,1,1804.05,1804.05
2025-06-21,12707,Informática,Mouse Gamer,Centro-Oeste,App,2,159.0,318.0
2025-06-21,12708,Casa,Air Fryer,Nordeste,App,1,436.05,436.05
2025-06-22,12709,Casa,Cafeteira,Sul,App,2,289.0,578.0
2025-06-22,12710,Esporte,Halteres 10kg,Sudeste,App,3,189.0,567.0
2025-06-22,12711,Eletrônicos,Smartwatch,Norte,App,1,899.0,899.0
2025-06-22,12712,Eletrônicos,Notebook,Sul,App,2,3999.0,7998.0
2025-06-22,12713,Eletrônicos,Fone Bluetooth,Centro-Oeste,Site,3,249.0,747.0
2025-06-22,12714,Moda,Mochila,Sudeste,Site,3,179.0,537.0
2025-06-22,12715,Moda,Tênis Esportivo,Centro-Oeste,App,2,379.05,758.1
2025-06-22,12716,Casa,Cafeteira,Centro-Oeste,Site,2,289.0,578.0
2025-06-22,12717,Moda,Jaqueta,Sul,Site,1,259.0,259.0
2025-06-22,12718,Eletrônicos,Smartphone,Sudeste,App,1,1709.1,1709.1
2025-06-23,12719,Eletrônicos,Fone Bluetooth,Sudeste,App,1,249.0,249.0
2025-06-23,12720,Informática,Teclado Mecânico,Norte,Site,3,349.0,1047.0
2025-06-23,12721,Esporte,Tapete Yoga,Sudeste,Site,2,94.05,188.1
2025-06-23,12722,Esporte,Tapete Yoga,Norte,Site,1,94.05,94.05
2025-06-23,12723,Moda,Tênis Esportivo,Sul,Site,2,399.0,798.0
2025-06-23,12724,Informática,"Monitor 24""",Nordeste,Site,3,999.0,2997.0
2025-06-23,12725,Eletrônicos,Smartphone,Sul,App,1,1804.05,1804.05
2025-06-24,12726,Moda,Mochila,Sul,Loja Física,2,179.0,358.0
2025-06-24,12727,Casa,Cafeteira,Sul,Loja Física,2,289.0,578.0
2025-06-24,12728,Casa,Liquidificador,Sudeste,App,1,199.0,199.0
2025-06-24,12729,Moda,Mochila,Sul,App,3,179.0,537.0
2025-06-24,12730,Moda,Relógio,Centro-Oeste,Site,3,329.0,987.0
2025-06-24,12731,Informática,Mouse Gamer,Centro-Oeste,App,3,159.0,477.0
2025-06-24,12732,Esporte,Halteres 10kg,Centro-Oeste,App,3,189.0,567.0
2025-06-25,12733,Moda,Jaqueta,Nordeste,App,3,259.0,777.0
2025-06-25,12734,Esporte,Halteres 10kg,Sudeste,App,1,160.65,160.65
2025-06-26,12735,Eletrônicos,Smartwatch,Sudeste,Site,1,899.0,899.0
2025-06-26,12736,Moda,Mochila,Sudeste,App,3,179.0,537.0
2025-06-26,12737,Informática,Teclado Mecânico,Sudeste,Site,3,349.0,1047.0
2025-06-26,12738,Moda,Tênis Esportivo,Sudeste,Site,3,379.05,1137.15
2025-06-27,12739,Esporte,Esteira,Sudeste,Site,3,2799.0,8397.0
2025-06-27,12740,Informática,Mouse Gamer,Nordeste,App,2,159.0,318.0
2025-06-27,12741,Esporte,Tapete Yoga,Sudeste,Loja Física,3,99.0,297.0
2025-06-27,12742,Informática,Mouse Gamer,Nordeste,Site,2,159.0,318.0
2025-06-28,12743,Moda,Relógio,Sul,Site,1,329.0,329.0
2025-06-28,12744,Moda,Tênis Esportivo,Sudeste,Site,1,399.0,399.0
2025-06-28,12745,Casa,Liquidificador,Nordeste,App,1,199.0,199.0
2025-06-28,12746,Eletrônicos,Fone Bluetooth,Nordeste,Loja Física,1,236.55,236.55
2025-06-28,12747,Esporte,Halteres 10kg,Sudeste,App,3,179.55,538.65
2025-06-28,12748,Eletrônicos,Smartwatch,Norte,App,3,854.05,2562.15
2025-06-28,12749,Informática,SSD 1TB,Nordeste,App,1,429.0,429.0
2025-06-28,12750,Moda,Mochila,Sudeste,Loja Física,3,179.0,537.0
2025-06-28,12751,Esporte,Bicicleta,Sudeste,Site,3,1599.0,4797.0
2025-06-29,12752,Moda,Tênis Esportivo,Sudeste,Loja Física,3,399.0,1197.0
2025-06-29,12753,Esporte,Halteres 10kg,Sudeste,Site,3,160.65,481.95
2025-06-29,12754,Informática,"Monitor 24""",Centro-Oeste,App,2,949.05,1898.1
2025-06-29,12755,Esporte,Tapete Yoga,Sudeste,Loja Física,2,94.05,188.1
2025-06-29,12756,Eletrônicos,Notebook,Centro-Oeste,App,3,3999.0,11997.0
2025-06-29,12757,Esporte,Bicicleta,Sudeste,Site,2,1359.15,2718.3
2025-06-30,12758,Moda,Mochila,Sudeste,Loja Física,3,161.1,483.3
2025-06-30,12759,Esporte,Tapete Yoga,Sudeste,App,2,99.0,198.0
2025-06-30,12760,Esporte,Bicicleta,Sudeste,App,3,1359.15,4077.45
2025-06-30,12761,Eletrônicos,Smartphone,Nordeste,Site,2,1709.1,3418.2
2025-06-30,12762,Moda,Relógio,Sul,App,3,329.0,987.0
2025-06-30,12763,Esporte,Esteira,Sudeste,Site,2,2659.05,5318.1
2025-06-30,12764,Moda,Jaqueta,Sul,Site,2,246.05,492.1
2025-06-30,12765,Informática,Mouse Gamer,Sul,App,1,159.0,159.0
2025-07-01,12766,Moda,Relógio,Norte,Site,1,329.0,329.0
2025-07-01,12767,Casa,Aspirador Robô,Sudeste,Loja Física,2,1299.0,2598.0
2025-07-01,12768,Informática,SSD 1TB,Norte,Site,2,407.55,815.1
2025-07-02,12769,Informática,SSD 1TB,Sudeste,App,1,429.0,429.0
2025-07-02,12770,Casa,Air Fryer,Sul,Site,2,459.0,918.0
2025-07-02,12771,Informática,SSD 1TB,Nordeste,App,2,429.0,858.0
2025-07-02,12772,Informática,Teclado Mecânico,Sudeste,Site,3,314.1,942.3
2025-07-03,12773,Informática,SSD 1TB,Sul,Loja Física,2,429.0,858.0
2025-07-03,12774,Moda,Relógio,Centro-Oeste,Site,3,296.1,888.3
2025-07-03,12775,Casa,Air Fryer,Nordeste,Site,2,436.05,872.1
2025-07-04,12776,Eletrônicos,Smartwatch,Sudeste,App,3,854.05,2562.15
2025-07-04,12777,Informática,"Monitor 24""",Sul,Loja Física,2,949.05,1898.1
2025-07-04,12778,Informática,Teclado Mecânico,Nordeste,Site,3,349.0,1047.0
2025-07-04,12779,Moda,Relógio,Nordeste,Site,3,329.0,987.0
2025-07-04,12780,Moda,Tênis Esportivo,Nordeste,App,3,359.1,1077.3
2025-07-05,12781,Eletrônicos,Smartphone,Sudeste,Site,1,1709.1,1709.1
2025-07-05,12782,Esporte,Bicicleta,Norte,Loja Física,3,1599.0,4797.0
2025-07-05,12783,Esporte,Tapete Yoga,Norte,Site,1,94.05,94.05
2025-07-05,12784,Eletrônicos,Notebook,Norte,App,3,3999.0,11997.0
2025-07-05,12785,Eletrônicos,Smartphone,Sudeste,Loja Física,2,1899.0,3798.0
2025-07-06,12786,Casa,Liquidificador,Centro-Oeste,App,2,199.0,398.0
2025-07-06,12787,Informática,"Monitor 24""",Norte,Site,2,999.0,1998.0
2025-07-06,12788,Esporte,Tapete Yoga,Sudeste,App,2,94.05,188.1
2025-07-06,12789,Eletrônicos,Smartwatch,Sudeste,Site,1,899.0,899.0
2025-07-06,12790,Esporte,Halteres 10kg,Sudeste,Loja Física,2,189.0,378.0
2025-07-06,12791,Eletrônicos,Smartwatch,Sul,Site,3,899.0,2697.0
2025-07-06,12792,Esporte,Bicicleta,Norte,App,2,1599.0,3198.0
2025-07-06,12793,Esporte,Halteres 10kg,Sudeste,Loja Física,2,160.65,321.3
2025-07-06,12794,Moda,Jaqueta,Centro-Oeste,Site,1,259.0,259.0
2025-07-06,12795,Casa,Aspirador Robô,Nordeste,Loja Física,3,1234.05,3702.15
2025-07-07,12796,Eletrônicos,Smartwatch,Sudeste,Loja Física,3,899.0,2697.0
2025-07-07,12797,Eletrônicos,Fone Bluetooth,Sudeste,App,3,249.0,747.0
2025-07-07,12798,Moda,Tênis Esportivo,Sudeste,Site,1,379.05,379.05
2025-07-07,12799,Moda,Tênis Esportivo,Nordeste,App,3,399.0,1197.0
2025-07-07,12800,Informática,Mouse Gamer,Sudeste,Site,1,159.0,159.0
2025-07-07,12801,Eletrônicos,Smartwatch,Sudeste,Site,1,854.05,854.05
2025-07-08,12802,Moda,Tênis Esportivo,Nordeste,App,2,399.0,798.0
2025-07-08,12803,Esporte,Halteres 10kg,Sul,Loja Física,2,179.55,359.1
2025-07-08,12804,Casa,Cafeteira,Sudeste,Site,1,245.65,245.65
2025-07-08,12805,Informática,"Monitor 24""",Sudeste,App,1,999.0,999.0
2025-07-08,12806,Eletrônicos,Smartphone,Sul,Site,2,1899.0,3798.0
2025-07-08,12807,Moda,Relógio,Sul,App,2,329.0,658.0
2025-07-08,12808,Eletrônicos,Fone Bluetooth,Nordeste,Site,3,249.0,747.0
2025-07-08,12809,Moda,Mochila,Sudeste,Site,3,179.0,537.0
2025-07-09,12810,Informática,Mouse Gamer,Sudeste,App,2,159.0,318.0
2025-07-09,12811,Moda,Mochila,Nordeste,Loja Física,2,179.0,358.0
2025-07-09,12812,Esporte,Bicicleta,Norte,Loja Física,2,1359.15,2718.3
2025-07-09,12813,Informática,SSD 1TB,Centro-Oeste,Loja Física,3,429.0,1287.0
2025-07-09,12814,Moda,Relógio,Sudeste,Loja Física,1,329.0,329.0
2025-07-09,12815,Moda,Tênis Esportivo,Sudeste,Loja Física,1,399.0,399.0
2025-07-09,12816,Informática,"Monitor 24""",Sudeste,App,2,999.0,1998.0
2025-07-09,12817,Esporte,Esteira,Centro-Oeste,App,3,2799.0,8397.0
2025-07-10,12818,Casa,Aspirador Robô,Sudeste,Loja Física,2,1299.0,2598.0
2025-07-10,12819,Casa,Air Fryer,Sudeste,Site,1,459.0,459.0
2025-07-10,12820,Esporte,Tapete Yoga,Sudeste,App,2,99.0,198.0
2025-07-10,12821,Esporte,Halteres 10kg,Sudeste,Site,1,189.0,189.0
2025-07-10,12822,Eletrônicos,Smartwatch,Nordeste,Loja Física,1,854.05,854.05
2025-07-10,12823,Informática,SSD 1TB,Sudeste,App,3,429.0,1287.0
2025-07-10,12824,Casa,Air Fryer,Norte,Site,1,459.0,459.0
2025-07-10,12825,Esporte,Bicicleta,Sudeste,Site,2,1599.0,3198.0
2025-07-10,12826,Esporte,Esteira,Nordeste,App,2,2379.15,4758.3
2025-07-10,12827,Eletrônicos,Notebook,Sudeste,Site,1,3799.05,3799.05
2025-07-10,12828,Informática,Mouse Gamer,Centro-Oeste,Loja Física,3,143.1,429.3
2025-07-11,12829,Eletrônicos,Smartphone,Centro-Oeste,Site,1,1709.1,1709.1
2025-07-11,12830,Esporte,Esteira,Sudeste,App,3,2799.0,8397.0
2025-07-11,12831,Moda,Relógio,Sudeste,App,3,329.0,987.0
2025-07-11,12832,Esporte,Halteres 10kg,Sudeste,Site,1,170.1,170.1
2025-07-12,12833,Esporte,Bicicleta,Sudeste,Site,3,1519.05,4557.15
2025-07-12,12834,Esporte,Bicicleta,Sudeste,Site,1,1599.0,1599.0
2025-07-12,12835,Casa,Air Fryer,Sul,Loja Física,3,459.0,1377.0
2025-07-12,12836,Informática,"Monitor 24""",Centro-Oeste,Loja Física,1,899.1,899.1
2025-07-12,12837,Moda,Tênis Esportivo,Sudeste,Site,1,379.05,379.05
2025-07-12,12838,Informática,Teclado Mecânico,Centro-Oeste,Site,1,331.55,331.55
2025-07-12,12839,Esporte,Tapete Yoga,Sudeste,Site,3,99.0,297.0
2025-07-13,12840,Moda,Relógio,Sul,App,1,329.0,329.0
2025-07-13,12841,Moda,Relógio,Sudeste,Loja Física,2,329.0,658.0
2025-07-13,12842,Eletrônicos,Smartphone,Sul,App,3,1899.0,5697.0
2025-07-13,12843,Eletrônicos,Notebook,Sudeste,App,3,3999.0,11997.0
2025-07-13,12844,Eletrônicos,Fone Bluetooth,Sul,App,1,236.55,236.55
2025-07-13,12845,Casa,Liquidificador,Sudeste,App,2,189.05,378.1
2025-07-13,12846,Informática,SSD 1TB,Sudeste,App,2,429.0,858.0
2025-07-13,12847,Moda,Mochila,Nordeste,App,3,179.0,537.0
2025-07-13,12848,Moda,Relógio,Sul,Loja Física,1,329.0,329.0
2025-07-14,12849,Casa,Cafeteira,Centro-Oeste,App,1,289.0,289.0
2025-07-14,12850,Esporte,Bicicleta,Sul,Loja Física,1,1359.15,1359.15
2025-07-14,12851,Casa,Liquidificador,Sudeste,App,1,199.0,199.0
2025-07-14,12852,Eletrônicos,Smartwatch,Centro-Oeste,Site,1,899.0,899.0
2025-07-14,12853,Moda,Mochila,Sudeste,Site,3,179.0,537.0
2025-07-14,12854,Casa,Aspirador Robô,Centro-Oeste,Loja Física,2,1299.0,2598.0
2025-07-14,12855,Informática,Mouse Gamer,Sudeste,Loja Física,2,135.15,270.3
2025-07-14,12856,Esporte,Tapete Yoga,Sudeste,Loja Física,1,94.05,94.05
2025-07-15,12857,Eletrônicos,Smartphone,Sudeste,Loja Física,3,1804.05,5412.15
2025-07-15,12858,Esporte,Halteres 10kg,Sul,App,3,189.0,567.0
2025-07-15,12859,Moda,Mochila,Sudeste,App,3,179.0,537.0
2025-07-15,12860,Casa,Aspirador Robô,Sudeste,App,2,1299.0,2598.0
2025-07-15,12861,Casa,Cafeteira,Norte,Site,3,289.0,867.0
2025-07-15,12862,Casa,Liquidificador,Nordeste,Site,2,199.0,398.0
2025-07-16,12863,Casa,Liquidificador,Sudeste,Site,2,199.0,398.0
2025-07-16,12864,Moda,Mochila,Sudeste,App,3,170.05,510.15
2025-07-16,12865,Eletrônicos,Smartphone,Nordeste,Site,1,1899.0,1899.0
2025-07-16,12866,Casa,Air Fryer,Nordeste,Loja Física,1,459.0,459.0
2025-07-16,12867,Moda,Relógio,Sudeste,Loja Física,3,329.0,987.0
2025-07-16,12868,Moda,Tênis Esportivo,Sul,App,2,399.0,798.0
2025-07-16,12869,Eletrônicos,Notebook,Sudeste,Site,1,3799.05,3799.05
2025-07-16,12870,Eletrônicos,Notebook,Sudeste,Site,3,3399.15,10197.45
2025-07-16,12871,Esporte,Halteres 10kg,Nordeste,Site,2,170.1,340.2
2025-07-16,12872,Informática,Teclado Mecânico,Sul,Loja Física,3,349.0,1047.0
2025-07-16,12873,Casa,Air Fryer,Sul,Site,3,413.1,1239.3
2025-07-17,12874,Informática,Mouse Gamer,Nordeste,Loja Física,1,159.0,159.0
2025-07-17,12875,Esporte,Esteira,Sudeste,Site,2,2519.1,5038.2
2025-07-17,12876,Moda,Jaqueta,Norte,Site,1,259.0,259.0
2025-07-18,12877,Moda,Jaqueta,Centro-Oeste,Loja Física,1,259.0,259.0
2025-07-18,12878,Moda,Tênis Esportivo,Sudeste,Site,2,339.15,678.3
2025-07-18,12879,Informática,Teclado Mecânico,Sul,Loja Física,1,349.0,349.0
2025-07-18,12880,Casa,Liquidificador,Sul,App,1,179.1,179.1
2025-07-19,12881,Eletrônicos,Smartwatch,Sul,App,3,809.1,2427.3
2025-07-19,12882,Moda,Jaqueta,Sul,Site,2,246.05,492.1
2025-07-19,12883,Casa,Liquidificador,Sul,App,3,189.05,567.15
2025-07-19,12884,Moda,Mochila,Sudeste,Site,1,179.0,179.0
2025-07-19,12885,Eletrônicos,Smartphone,Centro-Oeste,Loja Física,1,1899.0,1899.0
2025-07-20,12886,Moda,Mochila,Centro-Oeste,Site,3,179.0,537.0
2025-07-20,12887,Informática,"Monitor 24""",Sudeste,Site,3,999.0,2997.0
2025-07-20,12888,Casa,Cafeteira,Sudeste,App,3,274.55,823.65
2025-07-20,12889,Esporte,Bicicleta,Centro-Oeste,Loja Física,3,1519.05,4557.15
2025-07-20,12890,Moda,Relógio,Centro-Oeste,Site,2,329.0,658.0
2025-07-20,12891,Eletrônicos,Smartphone,Nordeste,Loja Física,2,1804.05,3608.1
2025-07-21,12892,Informática,SSD 1TB,Sul,App,3,386.1,1158.3
2025-07-21,12893,Informática,Teclado Mecânico,Sul,Site,3,314.1,942.3
2025-07-21,12894,Esporte,Bicicleta,Nordeste,Loja Física,3,1439.1,4317.3
2025-07-21,12895,Casa,Aspirador Robô,Sudeste,App,2,1299.0,2598.0
2025-07-21,12896,Informática,SSD 1TB,Sudeste,App,2,429.0,858.0
2025-07-21,12897,Casa,Liquidificador,Centro-Oeste,Site,1,199.0,199.0
2025-07-22,12898,Esporte,Tapete Yoga,Sudeste,Site,2,99.0,198.0
2025-07-22,12899,Esporte,Halteres 10kg,Nordeste,App,3,189.0,567.0
2025-07-22,12900,Moda,Tênis Esportivo,Nordeste,Loja Física,2,399.0,798.0
2025-07-22,12901,Casa,Air Fryer,Sul,App,1,459.0,459.0
2025-07-22,12902,Esporte,Tapete Yoga,Sudeste,Site,1,99.0,99.0
2025-07-23,12903,Esporte,Halteres 10kg,Sudeste,Loja Física,2,189.0,378.0
2025-07-23,12904,Esporte,Esteira,Centro-Oeste,Loja Física,2,2799.0,5598.0
2025-07-23,12905,Eletrônicos,Notebook,Sudeste,App,2,3999.0,7998.0
2025-07-23,12906,Informática,"Monitor 24""",Nordeste,Loja Física,1,949.05,949.05
2025-07-23,12907,Informática,SSD 1TB,Sul,Site,2,429.0,858.0
2025-07-24,12908,Eletrônicos,Fone Bluetooth,Norte,App,1,249.0,249.0
2025-07-24,12909,Eletrônicos,Smartphone,Sudeste,App,1,1709.1,1709.1
2025-07-25,12910,Casa,Liquidificador,Sudeste,App,1,199.0,199.0
2025-07-25,12911,Informática,SSD 1TB,Norte,Site,2,386.1,772.2
2025-07-25,12912,Eletrônicos,Notebook,Nordeste,App,3,3399.15,10197.45
2025-07-25,12913,Esporte,Tapete Yoga,Sudeste,App,3,99.0,297.0
2025-07-25,12914,Moda,Jaqueta,Sudeste,Loja Física,2,259.0,518.0
2025-07-26,12915,Esporte,Esteira,Sudeste,Site,1,2379.15,2379.15
2025-07-26,12916,Eletrônicos,Smartphone,Sudeste,Site,3,1899.0,5697.0
2025-07-26,12917,Moda,Mochila,Nordeste,Loja Física,3,161.1,483.3
2025-07-26,12918,Informática,Teclado Mecânico,Nordeste,App,2,331.55,663.1
2025-07-27,12919,Casa,Aspirador Robô,Sudeste,Site,2,1299.0,2598.0
2025-07-27,12920,Informática,"Monitor 24""",Sudeste,Site,1,999.0,999.0
2025-07-28,12921,Informática,Teclado Mecânico,Sudeste,App,1,331.55,331.55
2025-07-28,12922,Moda,Relógio,Norte,Site,1,296.1,296.1
2025-07-28,12923,Moda,Relógio,Sudeste,App,1,329.0,329.0
2025-07-28,12924,Esporte,Bicicleta,Nordeste,Site,2,1599.0,3198.0
2025-07-28,12925,Eletrônicos,Smartphone,Sul,App,3,1899.0,5697.0
2025-07-28,12926,Esporte,Bicicleta,Nordeste,App,1,1519.05,1519.05
2025-07-28,12927,Moda,Mochila,Sudeste,Site,1,161.1,161.1
2025-07-29,12928,Esporte,Esteira,Nordeste,Loja Física,2,2799.0,5598.0
2025-07-29,12929,Eletrônicos,Notebook,Sudeste,App,2,3799.05,7598.1
2025-07-29,12930,Casa,Liquidificador,Centro-Oeste,Site,2,199.0,398.0
2025-07-29,12931,Casa,Air Fryer,Norte,Site,2,436.05,872.1
2025-07-29,12932,Eletrônicos,Notebook,Nordeste,Site,1,3999.0,3999.0
2025-07-29,12933,Esporte,Halteres 10kg,Nordeste,App,2,189.0,378.0
2025-07-29,12934,Informática,Teclado Mecânico,Sul,App,1,349.0,349.0
2025-07-29,12935,Esporte,Bicicleta,Sudeste,App,2,1599.0,3198.0
2025-07-30,12936,Eletrônicos,Fone Bluetooth,Centro-Oeste,Site,3,249.0,747.0
2025-07-30,12937,Casa,Liquidificador,Sul,App,2,199.0,398.0
2025-07-30,12938,Esporte,Bicicleta,Norte,App,2,1599.0,3198.0
2025-07-30,12939,Informática,SSD 1TB,Nordeste,App,3,386.1,1158.3
2025-07-31,12940,Esporte,Bicicleta,Sul,Site,3,1519.05,4557.15
2025-07-31,12941,Casa,Aspirador Robô,Nordeste,App,1,1234.05,1234.05
2025-07-31,12942,Informática,"Monitor 24""",Sul,Loja Física,1,999.0,999.0
2025-07-31,12943,Moda,Relógio,Sudeste,Loja Física,2,329.0,658.0
2025-08-01,12944,Moda,Jaqueta,Nordeste,Site,2,233.1,466.2
2025-08-01,12945,Moda,Mochila,Centro-Oeste,Site,3,170.05,510.15
2025-08-01,12946,Eletrônicos,Smartphone,Sul,Site,1,1899.0,1899.0
2025-08-01,12947,Eletrônicos,Smartphone,Nordeste,App,3,1899.0,5697.0
2025-08-01,12948,Moda,Tênis Esportivo,Nordeste,App,2,399.0,798.0
2025-08-01,12949,Casa,Aspirador Robô,Sul,App,1,1299.0,1299.0
2025-08-01,12950,Casa,Aspirador Robô,Nordeste,Site,2,1299.0,2598.0
2025-08-01,12951,Esporte,Tapete Yoga,Nordeste,Site,1,99.0,99.0
2025-08-02,12952,Moda,Relógio,Nordeste,Site,1,329.0,329.0
2025-08-02,12953,Eletrônicos,Smartwatch,Nordeste,Site,3,899.0,2697.0
2025-08-02,12954,Moda,Jaqueta,Sul,App,3,233.1,699.3
2025-08-02,12955,Eletrônicos,Notebook,Sudeste,Site,2,3599.1,7198.2
2025-08-02,12956,Informática,SSD 1TB,Centro-Oeste,Site,1,407.55,407.55
2025-08-02,12957,Moda,Jaqueta,Sudeste,App,2,259.0,518.0
2025-08-02,12958,Eletrônicos,Fone Bluetooth,Nordeste,App,2,249.0,498.0
2025-08-02,12959,Esporte,Halteres 10kg,Sudeste,Loja Física,1,179.55,179.55
2025-08-02,12960,Informática,Mouse Gamer,Sudeste,Site,3,143.1,429.3
2025-08-02,12961,Informática,SSD 1TB,Sul,Site,3,429.0,1287.0
2025-08-02,12962,Casa,Aspirador Robô,Nordeste,App,2,1169.1,2338.2
2025-08-02,12963,Casa,Liquidificador,Nordeste,Site,2,199.0,398.0
2025-08-02,12964,Moda,Relógio,Sudeste,Site,1,312.55,312.55
2025-08-03,12965,Informática,SSD 1TB,Sudeste,Site,3,429.0,1287.0
2025-08-03,12966,Eletrônicos,Fone Bluetooth,Nordeste,Loja Física,1,236.55,236.55
2025-08-03,12967,Eletrônicos,Smartwatch,Sudeste,App,3,899.0,2697.0
2025-08-03,12968,Casa,Aspirador Robô,Sudeste,Site,3,1299.0,3897.0
2025-08-03,12969,Esporte,Tapete Yoga,Sul,Site,3,94.05,282.15
2025-08-03,12970,Casa,Cafeteira,Nordeste,Site,2,274.55,549.1
2025-08-04,12971,Informática,Mouse Gamer,Centro-Oeste,App,1,151.05,151.05
2025-08-04,12972,Eletrônicos,Fone Bluetooth,Norte,Site,3,211.65,634.95
2025-08-05,12973,Informática,Teclado Mecânico,Sul,App,1,331.55,331.55
2025-08-05,12974,Casa,Cafeteira,Sudeste,Loja Física,2,260.1,520.2
2025-08-05,12975,Eletrônicos,Fone Bluetooth,Norte,Loja Física,2,211.65,423.3
2025-08-06,12976,Informática,Mouse Gamer,Nordeste,Site,1,159.0,159.0
2025-08-06,12977,Casa,Liquidificador,Centro-Oeste,App,3,199.0,597.0
2025-08-06,12978,Moda,Tênis Esportivo,Sudeste,Site,3,399.0,1197.0
2025-08-06,12979,Eletrônicos,Fone Bluetooth,Centro-Oeste,Site,3,211.65,634.95
2025-08-06,12980,Moda,Tênis Esportivo,Sudeste,App,3,399.0,1197.0
2025-08-06,12981,Eletrônicos,Smartwatch,Sudeste,Site,3,809.1,2427.3
2025-08-06,12982,Esporte,Esteira,Sul,Site,1,2799.0,2799.0
2025-08-06,12983,Esporte,Halteres 10kg,Sudeste,Site,2,179.55,359.1
2025-08-06,12984,Casa,Aspirador Robô,Sudeste,Site,2,1234.05,2468.1
2025-08-07,12985,Eletrônicos,Smartwatch,Nordeste,App,3,899.0,2697.0
2025-08-07,12986,Casa,Air Fryer,Sudeste,Site,2,459.0,918.0
2025-08-07,12987,Esporte,Tapete Yoga,Sudeste,App,1,89.1,89.1
2025-08-07,12988,Moda,Relógio,Sudeste,App,2,312.55,625.1
2025-08-07,12989,Moda,Tênis Esportivo,Sudeste,Site,2,379.05,758.1
2025-08-07,12990,Eletrônicos,Smartphone,Sul,Loja Física,3,1899.0,5697.0
2025-08-08,12991,Casa,Liquidificador,Sudeste,App,1,199.0,199.0
2025-08-08,12992,Esporte,Halteres 10kg,Sudeste,Site,2,179.55,359.1
2025-08-08,12993,Informática,"Monitor 24""",Centro-Oeste,Site,2,999.0,1998.0
2025-08-08,12994,Esporte,Tapete Yoga,Sudeste,App,1,99.0,99.0
2025-08-09,12995,Moda,Relógio,Sul,Loja Física,3,296.1,888.3
2025-08-09,12996,Eletrônicos,Notebook,Sudeste,Site,1,3999.0,3999.0
2025-08-09,12997,Informática,Mouse Gamer,Sudeste,Site,2,159.0,318.0
2025-08-09,12998,Esporte,Esteira,Sudeste,App,2,2799.0,5598.0
2025-08-09,12999,Moda,Relógio,Sudeste,Site,1,312.55,312.55
2025-08-09,13000,Informática,"Monitor 24""",Sudeste,App,3,899.1,2697.3
2025-08-10,13001,Eletrônicos,Smartwatch,Sul,Loja Física,1,899.0,899.0
2025-08-10,13002,Moda,Mochila,Nordeste,Loja Física,3,179.0,537.0
2025-08-10,13003,Moda,Relógio,Centro-Oeste,Site,3,329.0,987.0
2025-08-10,13004,Eletrônicos,Smartwatch,Sul,App,2,899.0,1798.0
2025-08-10,13005,Moda,Tênis Esportivo,Centro-Oeste,Site,2,399.0,798.0
2025-08-10,13006,Moda,Tênis Esportivo,Nordeste,Site,1,339.15,339.15
2025-08-11,13007,Casa,Air Fryer,Norte,Site,1,459.0,459.0
2025-08-11,13008,Esporte,Tapete Yoga,Nordeste,Site,1,89.1,89.1
2025-08-11,13009,Esporte,Esteira,Sudeste,App,3,2519.1,7557.3
2025-08-11,13010,Eletrônicos,Smartphone,Norte,Loja Física,1,1804.05,1804.05
2025-08-11,13011,Eletrônicos,Notebook,Centro-Oeste,Site,1,3999.0,3999.0
2025-08-11,13012,Informática,"Monitor 24""",Norte,App,2,999.0,1998.0
2025-08-11,13013,Informática,"Monitor 24""",Sul,App,1,849.15,849.15
2025-08-12,13014,Esporte,Tapete Yoga,Sudeste,App,1,94.05,94.05
2025-08-12,13015,Casa,Aspirador Robô,Sudeste,Site,2,1299.0,2598.0
2025-08-12,13016,Informática,"Monitor 24""",Centro-Oeste,Site,2,949.05,1898.1
2025-08-12,13017,Moda,Mochila,Sudeste,App,2,161.1,322.2
2025-08-12,13018,Informática,Mouse Gamer,Norte,Site,2,159.0,318.0
2025-08-13,13019,Moda,Tênis Esportivo,Sudeste,Site,1,399.0,399.0
2025-08-13,13020,Esporte,Bicicleta,Sudeste,App,3,1439.1,4317.3
2025-08-13,13021,Casa,Air Fryer,Centro-Oeste,Site,1,413.1,413.1
2025-08-13,13022,Informática,Teclado Mecânico,Nordeste,App,3,331.55,994.65
2025-08-14,13023,Informática,Teclado Mecânico,Sudeste,Site,3,349.0,1047.0
2025-08-14,13024,Moda,Tênis Esportivo,Sudeste,App,3,399.0,1197.0
2025-08-14,13025,Casa,Liquidificador,Centro-Oeste,Loja Física,2,199.0,398.0
2025-08-14,13026,Moda,Mochila,Sudeste,App,3,179.0,537.0
2025-08-14,13027,Eletrônicos,Fone Bluetooth,Sudeste,App,2,249.0,498.0
2025-08-14,13028,Informática,Teclado Mecânico,Centro-Oeste,Site,1,331.55,331.55
2025-08-15,13029,Moda,Mochila,Sudeste,App,1,152.15,152.15
2025-08-15,13030,Esporte,Tapete Yoga,Sudeste,Site,2,99.0,198.0
2025-08-15,13031,Informática,"Monitor 24""",Sudeste,App,2,999.0,1998.0
2025-08-16,13032,Moda,Tênis Esportivo,Nordeste,Site,1,379.05,379.05
2025-08-16,13033,Eletrônicos,Notebook,Sudeste,App,2,3799.05,7598.1
2025-08-17,13034,Casa,Air Fryer,Norte,Site,1,413.1,413.1
2025-08-17,13035,Eletrônicos,Smartwatch,Nordeste,Site,2,899.0,1798.0
2025-08-17,13036,Eletrônicos,Smartphone,Sudeste,Loja Física,2,1804.05,3608.1
2025-08-18,13037,Informática,SSD 1TB,Sudeste,Site,1,429.0,429.0
2025-08-19,13038,Casa,Liquidificador,Centro-Oeste,App,1,199.0,199.0
2025-08-19,13039,Informática,SSD 1TB,Sudeste,Loja Física,1,429.0,429.0
2025-08-19,13040,Moda,Relógio,Norte,Site,1,312.55,312.55
2025-08-19,13041,Moda,Jaqueta,Sul,Site,3,233.1,699.3
2025-08-19,13042,Casa,Cafeteira,Sudeste,Site,1,289.0,289.0
2025-08-19,13043,Informática,SSD 1TB,Norte,App,2,386.1,772.2
2025-08-19,13044,Eletrônicos,Notebook,Sul,Site,2,3999.0,7998.0
2025-08-19,13045,Esporte,Bicicleta,Sudeste,App,1,1599.0,1599.0
2025-08-19,13046,Casa,Cafeteira,Sudeste,Site,2,289.0,578.0
2025-08-19,13047,Moda,Mochila,Nordeste,Loja Física,2,179.0,358.0
2025-08-20,13048,Casa,Liquidificador,Sudeste,Loja Física,1,189.05,189.05
2025-08-20,13049,Eletrônicos,Smartphone,Sul,Site,3,1899.0,5697.0
2025-08-20,13050,Moda,Relógio,Sul,App,3,329.0,987.0
2025-08-20,13051,Esporte,Tapete Yoga,Sul,Loja Física,1,94.05,94.05
2025-08-20,13052,Moda,Tênis Esportivo,Centro-Oeste,Site,2,359.1,718.2
2025-08-20,13053,Eletrônicos,Smartphone,Nordeste,Loja Física,1,1804.05,1804.05
2025-08-21,13054,Moda,Tênis Esportivo,Sudeste,Loja Física,2,359.1,718.2
2025-08-21,13055,Esporte,Tapete Yoga,Nordeste,App,2,89.1,178.2
2025-08-21,13056,Eletrônicos,Smartwatch,Nordeste,Site,1,899.0,899.0
2025-08-22,13057,Moda,Tênis Esportivo,Sudeste,App,2,399.0,798.0
2025-08-22,13058,Moda,Jaqueta,Sul,App,1,259.0,259.0
2025-08-22,13059,Esporte,Halteres 10kg,Norte,App,3,170.1,510.3
2025-08-22,13060,Eletrônicos,Smartphone,Sudeste,Site,1,1899.0,1899.0
2025-08-22,13061,Moda,Tênis Esportivo,Sudeste,Loja Física,3,399.0,1197.0
2025-08-23,13062,Eletrônicos,Fone Bluetooth,Nordeste,Loja Física,1,236.55,236.55
2025-08-23,13063,Moda,Jaqueta,Sul,Site,2,259.0,518.0
2025-08-23,13064,Informática,"Monitor 24""",Norte,Site,1,999.0,999.0
2025-08-23,13065,Casa,Cafeteira,Sul,App,1,274.55,274.55
2025-08-24,13066,Esporte,Tapete Yoga,Sudeste,App,2,99.0,198.0
2025-08-24,13067,Informática,Mouse Gamer,Nordeste,App,3,159.0,477.0
2025-08-24,13068,Esporte,Tapete Yoga,Nordeste,App,2,94.05,188.1
2025-08-24,13069,Esporte,Esteira,Sudeste,Site,2,2799.0,5598.0
2025-08-24,13070,Moda,Tênis Esportivo,Sudeste,App,2,359.1,718.2
2025-08-25,13071,Casa,Aspirador Robô,Nordeste,Site,2,1169.1,2338.2
2025-08-25,13072,Informática,Mouse Gamer,Norte,Site,1,159.0,159.0
2025-08-25,13073,Esporte,Esteira,Nordeste,Site,2,2659.05,5318.1
2025-08-25,13074,Informática,Mouse Gamer,Centro-Oeste,Site,3,159.0,477.0
2025-08-25,13075,Casa,Aspirador Robô,Sudeste,App,2,1234.05,2468.1
2025-08-25,13076,Informática,"Monitor 24""",Centro-Oeste,App,1,999.0,999.0
2025-08-26,13077,Eletrônicos,Smartwatch,Sudeste,App,1,899.0,899.0
2025-08-26,13078,Eletrônicos,Notebook,Sul,App,3,3999.0,11997.0
2025-08-26,13079,Esporte,Tapete Yoga,Sudeste,App,1,99.0,99.0
2025-08-26,13080,Eletrônicos,Smartphone,Nordeste,App,1,1899.0,1899.0
2025-08-26,13081,Eletrônicos,Smartphone,Sudeste,Site,2,1899.0,3798.0
2025-08-26,13082,Informática,Teclado Mecânico,Centro-Oeste,Loja Física,1,349.0,349.0
2025-08-26,13083,Moda,Tênis Esportivo,Centro-Oeste,Loja Física,1,399.0,399.0
2025-08-26,13084,Moda,Mochila,Sudeste,Site,2,170.05,340.1
2025-08-26,13085,Eletrônicos,Notebook,Sul,Site,3,3799.05,11397.15
2025-08-27,13086,Eletrônicos,Notebook,Sudeste,Loja Física,2,3999.0,7998.0
2025-08-27,13087,Esporte,Halteres 10kg,Norte,Loja Física,1,189.0,189.0
2025-08-27,13088,Informática,SSD 1TB,Sudeste,App,1,429.0,429.0
2025-08-27,13089,Informática,Teclado Mecânico,Centro-Oeste,Site,1,349.0,349.0
2025-08-27,13090,Eletrônicos,Smartwatch,Sudeste,App,1,809.1,809.1
2025-08-28,13091,Esporte,Bicicleta,Sudeste,App,2,1439.1,2878.2
2025-08-28,13092,Casa,Aspirador Robô,Sul,Site,2,1299.0,2598.0
2025-08-28,13093,Informática,"Monitor 24""",Centro-Oeste,Site,1,949.05,949.05
2025-08-29,13094,Informática,Teclado Mecânico,Norte,App,3,331.55,994.65
2025-08-29,13095,Moda,Jaqueta,Nordeste,App,3,220.15,660.45
2025-08-29,13096,Esporte,Tapete Yoga,Centro-Oeste,Loja Física,3,99.0,297.0
2025-08-30,13097,Moda,Tênis Esportivo,Sul,App,2,399.0,798.0
2025-08-30,13098,Casa,Air Fryer,Sudeste,Loja Física,1,436.05,436.05
2025-08-30,13099,Eletrônicos,Smartphone,Sudeste,Site,2,1899.0,3798.0
2025-08-30,13100,Moda,Tênis Esportivo,Sudeste,Site,1,399.0,399.0
2025-08-30,13101,Moda,Mochila,Sudeste,App,1,179.0,179.0
2025-08-30,13102,Informática,Teclado Mecânico,Sul,App,2,331.55,663.1
2025-08-30,13103,Casa,Cafeteira,Sudeste,Loja Física,3,274.55,823.65
2025-08-30,13104,Informática,Mouse Gamer,Sul,Loja Física,2,151.05,302.1
2025-08-30,13105,Informática,Teclado Mecânico,Nordeste,Site,3,314.1,942.3
2025-08-31,13106,Casa,Cafeteira,Sul,App,1,245.65,245.65
2025-08-31,13107,Moda,Relógio,Nordeste,App,1,312.55,312.55
2025-08-31,13108,Informática,Mouse Gamer,Sudeste,Site,3,135.15,405.45
2025-08-31,13109,Eletrônicos,Smartwatch,Sudeste,Loja Física,3,899.0,2697.0
2025-09-01,13110,Casa,Aspirador Robô,Nordeste,Site,3,1299.0,3897.0
2025-09-01,13111,Eletrônicos,Notebook,Norte,Loja Física,2,3999.0,7998.0
2025-09-01,13112,Moda,Tênis Esportivo,Sudeste,App,2,399.0,798.0
2025-09-01,13113,Casa,Air Fryer,Sudeste,App,2,390.15,780.3
2025-09-01,13114,Esporte,Tapete Yoga,Sudeste,App,2,99.0,198.0
2025-09-01,13115,Moda,Tênis Esportivo,Nordeste,Loja Física,2,399.0,798.0
2025-09-01,13116,Esporte,Esteira,Sudeste,App,3,2799.0,8397.0
2025-09-01,13117,Esporte,Halteres 10kg,Sudeste,App,2,189.0,378.0
2025-09-01,13118,Esporte,Halteres 10kg,Sudeste,Site,2,170.1,340.2
2025-09-01,13119,Casa,Aspirador Robô,Sul,Site,1,1169.1,1169.1
2025-09-02,13120,Casa,Liquidificador,Sudeste,App,1,179.1,179.1
2025-09-02,13121,Informática,Teclado Mecânico,Sudeste,Loja Física,1,349.0,349.0
2025-09-02,13122,Eletrônicos,Smartwatch,Sul,Site,1,764.15,764.15
2025-09-02,13123,Casa,Cafeteira,Sudeste,Loja Física,3,260.1,780.3
2025-09-02,13124,Eletrônicos,Notebook,Sudeste,App,1,3999.0,3999.0
2025-09-02,13125,Moda,Mochila,Sudeste,App,1,179.0,179.0
2025-09-02,13126,Esporte,Halteres 10kg,Sul,App,2,170.1,340.2
2025-09-03,13127,Casa,Liquidificador,Centro-Oeste,App,2,199.0,398.0
2025-09-03,13128,Casa,Air Fryer,Sul,Site,2,459.0,918.0
2025-09-03,13129,Moda,Mochila,Centro-Oeste,App,3,179.0,537.0
2025-09-03,13130,Eletrônicos,Notebook,Sul,App,3,3999.0,11997.0
2025-09-03,13131,Informática,Teclado Mecânico,Sul,Site,2,349.0,698.0
2025-09-03,13132,Moda,Tênis Esportivo,Sudeste,App,2,359.1,718.2
2025-09-04,13133,Moda,Jaqueta,Sudeste,App,1,259.0,259.0
2025-09-04,13134,Esporte,Tapete Yoga,Sudeste,Site,2,94.05,188.1
2025-09-04,13135,Moda,Mochila,Nordeste,Site,1,170.05,170.05
2025-09-04,13136,Informática,SSD 1TB,Centro-Oeste,Site,3,386.1,1158.3
2025-09-04,13137,Eletrônicos,Fone Bluetooth,Sudeste,Site,3,249.0,747.0
2025-09-04,13138,Esporte,Bicicleta,Centro-Oeste,Loja Física,3,1519.05,4557.15
2025-09-05,13139,Eletrônicos,Smartphone,Sul,Site,2,1899.0,3798.0
2025-09-05,13140,Esporte,Esteira,Sudeste,Site,1,2799.0,2799.0
2025-09-05,13141,Informática,Teclado Mecânico,Centro-Oeste,Site,2,331.55,663.1
2025-09-06,13142,Esporte,Halteres 10kg,Sudeste,App,3,170.1,510.3
2025-09-06,13143,Eletrônicos,Notebook,Norte,Site,3,3999.0,11997.0
2025-09-06,13144,Casa,Aspirador Robô,Nordeste,App,3,1299.0,3897.0
2025-09-06,13145,Informática,SSD 1TB,Nordeste,Site,2,407.55,815.1
2025-09-07,13146,Esporte,Bicicleta,Sul,Loja Física,3,1439.1,4317.3
2025-09-07,13147,Esporte,Halteres 10kg,Nordeste,App,1,170.1,170.1
2025-09-07,13148,Informática,Mouse Gamer,Sudeste,Loja Física,2,159.0,318.0
2025-09-07,13149,Casa,Air Fryer,Nordeste,Site,3,459.0,1377.0
2025-09-07,13150,Casa,Aspirador Robô,Sudeste,Site,3,1299.0,3897.0
2025-09-07,13151,Casa,Air Fryer,Sudeste,App,1,413.1,413.1
2025-09-07,13152,Moda,Tênis Esportivo,Norte,App,1,359.1,359.1
2025-09-08,13153,Eletrônicos,Fone Bluetooth,Centro-Oeste,Site,1,249.0,249.0
2025-09-08,13154,Esporte,Tapete Yoga,Sul,Site,3,89.1,267.3
2025-09-08,13155,Casa,Air Fryer,Sudeste,Loja Física,1,436.05,436.05
2025-09-08,13156,Esporte,Tapete Yoga,Nordeste,Loja Física,3,89.1,267.3
2025-09-08,13157,Informática,SSD 1TB,Sul,Loja Física,2,364.65,729.3
2025-09-08,13158,Eletrônicos,Notebook,Sudeste,Site,3,3799.05,11397.15
2025-09-08,13159,Esporte,Halteres 10kg,Sudeste,Site,3,170.1,510.3
2025-09-09,13160,Moda,Tênis Esportivo,Centro-Oeste,Site,2,399.0,798.0
2025-09-09,13161,Casa,Air Fryer,Sudeste,Loja Física,2,390.15,780.3
2025-09-09,13162,Moda,Mochila,Sul,Site,3,161.1,483.3
2025-09-10,13163,Moda,Tênis Esportivo,Sudeste,App,3,359.1,1077.3
2025-09-10,13164,Casa,Liquidificador,Centro-Oeste,Site,2,179.1,358.2
2025-09-10,13165,Esporte,Esteira,Sul,Site,1,2519.1,2519.1
2025-09-10,13166,Esporte,Esteira,Sudeste,Loja Física,2,2659.05,5318.1
2025-09-11,13167,Informática,"Monitor 24""",Sul,Site,2,899.1,1798.2
2025-09-11,13168,Moda,Mochila,Sudeste,Loja Física,3,179.0,537.0
2025-09-11,13169,Casa,Air Fryer,Nordeste,App,2,459.0,918.0
2025-09-12,13170,Eletrônicos,Smartphone,Sul,Loja Física,1,1899.0,1899.0
2025-09-12,13171,Esporte,Tapete Yoga,Centro-Oeste,Site,1,99.0,99.0
2025-09-12,13172,Moda,Tênis Esportivo,Sudeste,App,3,379.05,1137.15
2025-09-12,13173,Esporte,Tapete Yoga,Norte,Site,2,94.05,188.1
2025-09-13,13174,Informática,SSD 1TB,Norte,Site,3,407.55,1222.65
2025-09-13,13175,Informática,Mouse Gamer,Sudeste,App,1,159.0,159.0
2025-09-13,13176,Esporte,Halteres 10kg,Sudeste,Site,2,189.0,378.0
2025-09-13,13177,Casa,Air Fryer,Nordeste,Site,3,459.0,1377.0
2025-09-13,13178,Informática,Mouse Gamer,Sudeste,Site,2,151.05,302.1
2025-09-13,13179,Casa,Air Fryer,Sul,App,3,459.0,1377.0
2025-09-13,13180,Moda,Mochila,Norte,App,3,170.05,510.15
2025-09-13,13181,Esporte,Halteres 10kg,Sudeste,Site,1,189.0,189.0
2025-09-14,13182,Informática,"Monitor 24""",Sudeste,Loja Física,2,999.0,1998.0
2025-09-14,13183,Eletrônicos,Fone Bluetooth,Sudeste,Site,2,249.0,498.0
2025-09-14,13184,Casa,Aspirador Robô,Sudeste,Loja Física,3,1299.0,3897.0
2025-09-14,13185,Moda,Jaqueta,Sul,Loja Física,2,246.05,492.1
2025-09-14,13186,Informática,Teclado Mecânico,Sudeste,Loja Física,1,331.55,331.55
2025-09-14,13187,Esporte,Tapete Yoga,Nordeste,Site,1,89.1,89.1
2025-09-15,13188,Esporte,Bicicleta,Norte,Site,3,1519.05,4557.15
2025-09-15,13189,Moda,Relógio,Nordeste,Site,1,279.65,279.65
2025-09-15,13190,Moda,Relógio,Nordeste,Loja Física,1,279.65,279.65
2025-09-16,13191,Moda,Jaqueta,Sudeste,Site,3,233.1,699.3
2025-09-16,13192,Esporte,Tapete Yoga,Nordeste,Site,2,89.1,178.2
2025-09-16,13193,Casa,Cafeteira,Centro-Oeste,Loja Física,1,289.0,289.0
2025-09-16,13194,Casa,Liquidificador,Sudeste,Site,1,199.0,199.0
2025-09-16,13195,Eletrônicos,Notebook,Centro-Oeste,Site,1,3999.0,3999.0
2025-09-16,13196,Eletrônicos,Notebook,Sudeste,Site,3,3999.0,11997.0
2025-09-16,13197,Moda,Tênis Esportivo,Centro-Oeste,Site,3,359.1,1077.3
2025-09-17,13198,Informática,"Monitor 24""",Centro-Oeste,Loja Física,1,999.0,999.0
2025-09-17,13199,Informática,"Monitor 24""",Sudeste,App,1,999.0,999.0
2025-09-18,13200,Eletrônicos,Smartwatch,Nordeste,Site,2,899.0,1798.0
2025-09-18,13201,Eletrônicos,Notebook,Nordeste,App,1,3799.05,3799.05
2025-09-18,13202,Moda,Jaqueta,Sudeste,Site,2,246.05,492.1
2025-09-18,13203,Casa,Cafeteira,Sul,Site,3,289.0,867.0
2025-09-18,13204,Eletrônicos,Smartwatch,Sul,Loja Física,3,854.05,2562.15
2025-09-19,13205,Esporte,Tapete Yoga,Sul,Site,1,99.0,99.0
2025-09-19,13206,Informática,Mouse Gamer,Nordeste,App,3,151.05,453.15
2025-09-19,13207,Casa,Cafeteira,Sudeste,Site,1,274.55,274.55
2025-09-19,13208,Casa,Cafeteira,Sudeste,Loja Física,1,274.55,274.55
2025-09-20,13209,Informática,Teclado Mecânico,Sudeste,Site,1,349.0,349.0
2025-09-20,13210,Moda,Jaqueta,Sudeste,App,1,233.1,233.1
2025-09-20,13211,Eletrônicos,Notebook,Sudeste,Loja Física,2,3599.1,7198.2
2025-09-21,13212,Casa,Air Fryer,Sudeste,Site,1,436.05,436.05
2025-09-21,13213,Moda,Mochila,Nordeste,Site,2,170.05,340.1
2025-09-21,13214,Moda,Relógio,Sudeste,Site,2,329.0,658.0
2025-09-21,13215,Eletrônicos,Fone Bluetooth,Nordeste,Site,1,249.0,249.0
2025-09-21,13216,Informática,Mouse Gamer,Sudeste,Loja Física,3,159.0,477.0
2025-09-21,13217,Moda,Mochila,Sudeste,App,2,179.0,358.0
2025-09-21,13218,Esporte,Tapete Yoga,Sudeste,Site,2,99.0,198.0
2025-09-21,13219,Eletrônicos,Smartphone,Norte,Site,3,1899.0,5697.0
2025-09-22,13220,Moda,Mochila,Sudeste,App,2,170.05,340.1
2025-09-22,13221,Informática,"Monitor 24""",Sudeste,App,2,999.0,1998.0
2025-09-22,13222,Eletrônicos,Smartphone,Sudeste,Site,2,1899.0,3798.0
2025-09-22,13223,Casa,Air Fryer,Sudeste,App,3,459.0,1377.0
2025-09-22,13224,Informática,Teclado Mecânico,Sul,Site,2,349.0,698.0
2025-09-22,13225,Informática,Teclado Mecânico,Sudeste,Site,2,349.0,698.0
2025-09-22,13226,Esporte,Bicicleta,Norte,Site,3,1599.0,4797.0
2025-09-23,13227,Esporte,Tapete Yoga,Sudeste,Site,2,99.0,198.0
2025-09-23,13228,Esporte,Bicicleta,Sudeste,Loja Física,2,1519.05,3038.1
2025-09-23,13229,Informática,Teclado Mecânico,Sudeste,Site,2,314.1,628.2
2025-09-24,13230,Esporte,Halteres 10kg,Sudeste,Site,2,189.0,378.0
2025-09-24,13231,Casa,Aspirador Robô,Sudeste,App,3,1299.0,3897.0
2025-09-24,13232,Informática,"Monitor 24""",Norte,Site,3,949.05,2847.15
2025-09-24,13233,Casa,Air Fryer,Nordeste,App,1,459.0,459.0
2025-09-24,13234,Casa,Air Fryer,Sudeste,App,1,413.1,413.1
2025-09-24,13235,Informática,Teclado Mecânico,Norte,Loja Física,1,349.0,349.0
2025-09-24,13236,Moda,Jaqueta,Nordeste,App,2,259.0,518.0
2025-09-24,13237,Informática,"Monitor 24""",Nordeste,Site,2,899.1,1798.2
2025-09-25,13238,Casa,Liquidificador,Sudeste,App,2,179.1,358.2
2025-09-25,13239,Esporte,Bicicleta,Sudeste,Loja Física,2,1599.0,3198.0
2025-09-25,13240,Casa,Cafeteira,Centro-Oeste,Loja Física,2,260.1,520.2
2025-09-25,13241,Esporte,Esteira,Sul,Site,2,2519.1,5038.2
2025-09-25,13242,Informática,"Monitor 24""",Sul,App,2,999.0,1998.0
2025-09-26,13243,Moda,Jaqueta,Sul,App,2,233.1,466.2
2025-09-26,13244,Moda,Jaqueta,Sul,App,1,233.1,233.1
2025-09-26,13245,Informática,Mouse Gamer,Sul,App,2,159.0,318.0
2025-09-26,13246,Moda,Relógio,Centro-Oeste,Site,3,329.0,987.0
2025-09-27,13247,Eletrônicos,Smartwatch,Sudeste,App,2,854.05,1708.1
2025-09-27,13248,Informática,"Monitor 24""",Sudeste,App,3,999.0,2997.0
2025-09-27,13249,Moda,Mochila,Nordeste,App,1,170.05,170.05
2025-09-27,13250,Eletrônicos,Notebook,Norte,App,1,3999.0,3999.0
2025-09-28,13251,Moda,Tênis Esportivo,Sul,Site,1,399.0,399.0
2025-09-28,13252,Esporte,Halteres 10kg,Nordeste,Site,1,189.0,189.0
2025-09-28,13253,Eletrônicos,Smartwatch,Centro-Oeste,Site,1,899.0,899.0
2025-09-28,13254,Esporte,Tapete Yoga,Centro-Oeste,App,1,99.0,99.0
2025-09-28,13255,Eletrônicos,Smartphone,Nordeste,App,3,1804.05,5412.15
2025-09-28,13256,Moda,Tênis Esportivo,Sudeste,Loja Física,3,379.05,1137.15
2025-09-28,13257,Moda,Jaqueta,Sudeste,Site,1,246.05,246.05
2025-09-28,13258,Moda,Relógio,Centro-Oeste,App,3,296.1,888.3
2025-09-28,13259,Informática,Mouse Gamer,Sudeste,App,1,151.05,151.05
2025-09-29,13260,Informática,Mouse Gamer,Nordeste,Site,2,151.05,302.1
2025-09-30,13261,Moda,Relógio,Nordeste,Site,2,329.0,658.0
2025-09-30,13262,Informática,SSD 1TB,Sudeste,Site,3,429.0,1287.0
2025-09-30,13263,Moda,Tênis Esportivo,Sudeste,Site,2,399.0,798.0
2025-09-30,13264,Eletrônicos,Smartwatch,Sudeste,Site,2,899.0,1798.0
2025-09-30,13265,Eletrônicos,Smartphone,Sudeste,Loja Física,1,1899.0,1899.0
2025-09-30,13266,Informática,Teclado Mecânico,Nordeste,App,1,349.0,349.0
2025-09-30,13267,Casa,Air Fryer,Norte,Loja Física,3,436.05,1308.15
2025-09-30,13268,Moda,Relógio,Sudeste,Loja Física,2,312.55,625.1
2025-09-30,13269,Eletrônicos,Fone Bluetooth,Sul,App,3,249.0,747.0
2025-10-01,13270,Informática,"Monitor 24""",Sudeste,Site,2,999.0,1998.0
2025-10-01,13271,Esporte,Bicicleta,Sudeste,App,1,1439.1,1439.1
2025-10-01,13272,Eletrônicos,Smartphone,Centro-Oeste,App,3,1899.0,5697.0
2025-10-02,13273,Moda,Jaqueta,Sudeste,Loja Física,1,259.0,259.0
2025-10-02,13274,Moda,Jaqueta,Nordeste,App,1,259.0,259.0
2025-10-02,13275,Informática,SSD 1TB,Nordeste,Loja Física,1,386.1,386.1
2025-10-02,13276,Informática,Mouse Gamer,Sul,App,1,159.0,159.0
2025-10-02,13277,Moda,Tênis Esportivo,Sudeste,App,1,379.05,379.05
2025-10-02,13278,Casa,Liquidificador,Sul,App,1,179.1,179.1
2025-10-03,13279,Eletrônicos,Fone Bluetooth,Nordeste,Loja Física,3,224.1,672.3
2025-10-03,13280,Eletrônicos,Smartwatch,Sul,Loja Física,3,899.0,2697.0
2025-10-03,13281,Moda,Tênis Esportivo,Sul,Site,3,379.05,1137.15
2025-10-03,13282,Eletrônicos,Smartwatch,Nordeste,App,1,899.0,899.0
2025-10-03,13283,Casa,Cafeteira,Nordeste,Site,2,289.0,578.0
2025-10-04,13284,Esporte,Bicicleta,Centro-Oeste,App,2,1599.0,3198.0
2025-10-04,13285,Casa,Cafeteira,Sul,App,2,289.0,578.0
2025-10-04,13286,Casa,Cafeteira,Sudeste,Site,3,289.0,867.0
2025-10-04,13287,Informática,Mouse Gamer,Centro-Oeste,Loja Física,1,151.05,151.05
2025-10-04,13288,Esporte,Halteres 10kg,Nordeste,Site,1,179.55,179.55
2025-10-04,13289,Casa,Cafeteira,Sudeste,Loja Física,1,260.1,260.1
2025-10-05,13290,Moda,Tênis Esportivo,Sudeste,App,3,399.0,1197.0
2025-10-05,13291,Casa,Air Fryer,Sul,Loja Física,3,413.1,1239.3
2025-10-05,13292,Casa,Air Fryer,Sudeste,Site,2,459.0,918.0
2025-10-06,13293,Eletrônicos,Fone Bluetooth,Sudeste,Site,1,249.0,249.0
2025-10-06,13294,Casa,Air Fryer,Nordeste,Site,2,459.0,918.0
2025-10-06,13295,Esporte,Halteres 10kg,Centro-Oeste,App,1,189.0,189.0
2025-10-06,13296,Casa,Air Fryer,Sul,Site,3,459.0,1377.0
2025-10-07,13297,Moda,Jaqueta,Sudeste,Site,2,220.15,440.3
2025-10-07,13298,Casa,Liquidificador,Nordeste,Site,1,199.0,199.0
2025-10-07,13299,Eletrônicos,Smartwatch,Norte,App,2,899.0,1798.0
2025-10-07,13300,Esporte,Halteres 10kg,Norte,Site,3,189.0,567.0
2025-10-07,13301,Esporte,Halteres 10kg,Sudeste,Site,1,189.0,189.0
2025-10-08,13302,Esporte,Tapete Yoga,Nordeste,App,3,99.0,297.0
2025-10-08,13303,Informática,SSD 1TB,Centro-Oeste,App,1,429.0,429.0
2025-10-08,13304,Eletrônicos,Smartphone,Nordeste,Site,1,1804.05,1804.05
2025-10-08,13305,Informática,"Monitor 24""",Sudeste,App,1,999.0,999.0
2025-10-08,13306,Esporte,Tapete Yoga,Nordeste,Site,2,99.0,198.0
2025-10-09,13307,Eletrônicos,Fone Bluetooth,Nordeste,Site,2,249.0,498.0
2025-10-09,13308,Eletrônicos,Smartwatch,Sudeste,Site,2,899.0,1798.0
2025-10-09,13309,Casa,Liquidificador,Sudeste,Site,1,169.15,169.15
2025-10-09,13310,Esporte,Tapete Yoga,Nordeste,App,2,94.05,188.1
2025-10-09,13311,Eletrônicos,Notebook,Sudeste,Loja Física,2,3399.15,6798.3
2025-10-09,13312,Casa,Cafeteira,Norte,Loja Física,3,289.0,867.0
2025-10-10,13313,Casa,Air Fryer,Nordeste,App,3,459.0,1377.0
2025-10-10,13314,Casa,Cafeteira,Sudeste,Site,1,289.0,289.0
2025-10-10,13315,Eletrônicos,Notebook,Nordeste,Site,3,3999.0,11997.0
2025-10-10,13316,Casa,Liquidificador,Nordeste,App,2,199.0,398.0
2025-10-11,13317,Informática,SSD 1TB,Sudeste,App,2,386.1,772.2
2025-10-11,13318,Eletrônicos,Fone Bluetooth,Sul,App,3,211.65,634.95
2025-10-11,13319,Moda,Jaqueta,Sudeste,Loja Física,3,233.1,699.3
2025-10-11,13320,Informática,"Monitor 24""",Sudeste,App,1,999.0,999.0
2025-10-12,13321,Informática,Teclado Mecânico,Sul,Loja Física,3,349.0,1047.0
2025-10-12,13322,Moda,Relógio,Sudeste,Site,1,296.1,296.1
2025-10-12,13323,Informática,Mouse Gamer,Nordeste,Site,3,151.05,453.15
2025-10-12,13324,Esporte,Bicicleta,Sul,App,3,1599.0,4797.0
2025-10-12,13325,Eletrônicos,Smartwatch,Centro-Oeste,Site,1,899.0,899.0
2025-10-13,13326,Moda,Relógio,Sudeste,App,3,312.55,937.65
2025-10-13,13327,Casa,Liquidificador,Norte,Site,1,199.0,199.0
2025-10-13,13328,Esporte,Tapete Yoga,Sul,Site,3,94.05,282.15
2025-10-13,13329,Casa,Aspirador Robô,Sudeste,App,2,1299.0,2598.0
2025-10-13,13330,Informática,"Monitor 24""",Norte,App,1,999.0,999.0
2025-10-14,13331,Casa,Air Fryer,Sudeste,Site,1,436.05,436.05
2025-10-14,13332,Eletrônicos,Fone Bluetooth,Nordeste,Site,3,249.0,747.0
2025-10-14,13333,Casa,Aspirador Robô,Centro-Oeste,App,2,1299.0,2598.0
2025-10-14,13334,Eletrônicos,Smartphone,Sul,Site,1,1899.0,1899.0
2025-10-15,13335,Moda,Relógio,Sul,App,2,329.0,658.0
2025-10-15,13336,Esporte,Esteira,Sudeste,App,3,2799.0,8397.0
2025-10-15,13337,Esporte,Bicicleta,Nordeste,Site,1,1599.0,1599.0
2025-10-15,13338,Moda,Relógio,Sudeste,Site,2,312.55,625.1
2025-10-15,13339,Esporte,Bicicleta,Nordeste,App,1,1599.0,1599.0
2025-10-15,13340,Esporte,Esteira,Sudeste,Site,3,2799.0,8397.0
2025-10-15,13341,Informática,Mouse Gamer,Nordeste,App,2,151.05,302.1
2025-10-15,13342,Esporte,Halteres 10kg,Nordeste,Site,3,160.65,481.95
2025-10-15,13343,Casa,Air Fryer,Sul,Site,2,436.05,872.1
2025-10-15,13344,Casa,Aspirador Robô,Sudeste,Loja Física,3,1299.0,3897.0
2025-10-16,13345,Esporte,Esteira,Sul,App,1,2799.0,2799.0
2025-10-16,13346,Moda,Tênis Esportivo,Sudeste,Site,1,399.0,399.0
2025-10-16,13347,Eletrônicos,Smartwatch,Sudeste,App,1,764.15,764.15
2025-10-16,13348,Casa,Cafeteira,Centro-Oeste,App,2,274.55,549.1
2025-10-16,13349,Esporte,Halteres 10kg,Norte,Site,3,170.1,510.3
2025-10-18,13350,Esporte,Bicicleta,Centro-Oeste,Site,3,1599.0,4797.0
2025-10-18,13351,Informática,"Monitor 24""",Sul,Loja Física,2,999.0,1998.0
2025-10-18,13352,Casa,Aspirador Robô,Nordeste,Site,2,1299.0,2598.0
2025-10-18,13353,Eletrônicos,Notebook,Sudeste,Site,2,3999.0,7998.0
2025-10-18,13354,Casa,Air Fryer,Nordeste,App,1,459.0,459.0
2025-10-19,13355,Casa,Liquidificador,Sudeste,App,1,199.0,199.0
2025-10-19,13356,Informática,"Monitor 24""",Sudeste,App,2,999.0,1998.0
2025-10-19,13357,Esporte,Halteres 10kg,Sudeste,Site,1,189.0,189.0
2025-10-20,13358,Moda,Tênis Esportivo,Sudeste,Site,3,399.0,1197.0
2025-10-20,13359,Casa,Aspirador Robô,Nordeste,App,3,1169.1,3507.3
2025-10-21,13360,Casa,Aspirador Robô,Nordeste,App,3,1299.0,3897.0
2025-10-21,13361,Informática,SSD 1TB,Sudeste,Site,1,386.1,386.1
2025-10-21,13362,Moda,Mochila,Sudeste,App,2,161.1,322.2
2025-10-21,13363,Esporte,Tapete Yoga,Nordeste,Site,3,94.05,282.15
2025-10-21,13364,Esporte,Bicicleta,Nordeste,Site,2,1599.0,3198.0
2025-10-21,13365,Moda,Tênis Esportivo,Centro-Oeste,App,3,399.0,1197.0
2025-10-22,13366,Moda,Relógio,Sudeste,App,1,312.55,312.55
2025-10-22,13367,Esporte,Esteira,Centro-Oeste,App,1,2799.0,2799.0
2025-10-22,13368,Informática,Teclado Mecânico,Nordeste,App,3,331.55,994.65
2025-10-22,13369,Eletrônicos,Smartwatch,Centro-Oeste,Loja Física,3,899.0,2697.0
2025-10-22,13370,Casa,Air Fryer,Nordeste,App,2,459.0,918.0
2025-10-22,13371,Esporte,Halteres 10kg,Sudeste,App,2,189.0,378.0
2025-10-22,13372,Moda,Relógio,Sudeste,Loja Física,2,312.55,625.1
2025-10-22,13373,Moda,Jaqueta,Sudeste,Loja Física,2,246.05,492.1
2025-10-23,13374,Esporte,Tapete Yoga,Sudeste,App,2,94.05,188.1
2025-10-23,13375,Eletrônicos,Smartphone,Sudeste,App,2,1804.05,3608.1
2025-10-23,13376,Informática,Mouse Gamer,Centro-Oeste,Loja Física,3,159.0,477.0
2025-10-23,13377,Eletrônicos,Smartphone,Sudeste,App,2,1899.0,3798.0
2025-10-23,13378,Moda,Relógio,Nordeste,App,3,296.1,888.3
2025-10-23,13379,Informática,"Monitor 24""",Sul,App,1,999.0,999.0
2025-10-23,13380,Eletrônicos,Smartphone,Sudeste,App,1,1899.0,1899.0
2025-10-23,13381,Moda,Jaqueta,Sudeste,App,2,259.0,518.0
2025-10-24,13382,Informática,"Monitor 24""",Sul,App,3,849.15,2547.45
2025-10-24,13383,Esporte,Bicicleta,Nordeste,Site,2,1599.0,3198.0
2025-10-24,13384,Eletrônicos,Fone Bluetooth,Sudeste,Site,1,249.0,249.0
2025-10-24,13385,Informática,"Monitor 24""",Sul,App,1,999.0,999.0
2025-10-24,13386,Casa,Air Fryer,Centro-Oeste,App,1,459.0,459.0
2025-10-24,13387,Informática,Teclado Mecânico,Sudeste,Loja Física,3,349.0,1047.0
2025-10-25,13388,Informática,"Monitor 24""",Sudeste,Loja Física,1,999.0,999.0
2025-10-25,13389,Casa,Aspirador Robô,Norte,Loja Física,2,1169.1,2338.2
2025-10-25,13390,Esporte,Esteira,Sudeste,App,1,2799.0,2799.0
2025-10-26,13391,Moda,Mochila,Sudeste,Site,3,170.05,510.15
2025-10-26,13392,Eletrônicos,Smartwatch,Sudeste,Loja Física,2,899.0,1798.0
2025-10-26,13393,Casa,Air Fryer,Sudeste,Loja Física,1,459.0,459.0
2025-10-26,13394,Esporte,Bicicleta,Nordeste,Site,3,1519.05,4557.15
2025-10-26,13395,Informática,SSD 1TB,Norte,Loja Física,2,407.55,815.1
2025-10-26,13396,Eletrônicos,Fone Bluetooth,Sul,Site,3,236.55,709.65
2025-10-27,13397,Moda,Tênis Esportivo,Norte,Site,3,399.0,1197.0
2025-10-27,13398,Moda,Jaqueta,Nordeste,App,1,259.0,259.0
2025-10-27,13399,Moda,Relógio,Sudeste,Site,3,312.55,937.65
2025-10-27,13400,Esporte,Tapete Yoga,Centro-Oeste,Loja Física,3,99.0,297.0
2025-10-27,13401,Esporte,Esteira,Nordeste,App,1,2379.15,2379.15
2025-10-27,13402,Moda,Jaqueta,Sudeste,Loja Física,2,259.0,518.0
2025-10-27,13403,Moda,Mochila,Centro-Oeste,Site,1,179.0,179.0
2025-10-28,13404,Moda,Tênis Esportivo,Sudeste,App,1,399.0,399.0
2025-10-28,13405,Eletrônicos,Notebook,Sudeste,Site,3,3799.05,11397.15
2025-10-28,13406,Casa,Air Fryer,Nordeste,Loja Física,3,459.0,1377.0
2025-10-28,13407,Informática,SSD 1TB,Centro-Oeste,Loja Física,3,429.0,1287.0
2025-10-28,13408,Casa,Liquidificador,Centro-Oeste,Loja Física,1,189.05,189.05
2025-10-29,13409,Esporte,Halteres 10kg,Centro-Oeste,Loja Física,3,170.1,510.3
2025-10-29,13410,Informática,SSD 1TB,Sul,Site,3,364.65,1093.95
2025-10-29,13411,Esporte,Tapete Yoga,Norte,Site,3,99.0,297.0
2025-10-29,13412,Moda,Tênis Esportivo,Sudeste,Loja Física,3,399.0,1197.0
2025-10-29,13413,Informática,SSD 1TB,Sudeste,Site,2,407.55,815.1
2025-10-30,13414,Moda,Relógio,Sul,Site,2,329.0,658.0
2025-10-30,13415,Eletrônicos,Notebook,Centro-Oeste,Site,1,3399.15,3399.15
2025-10-31,13416,Esporte,Tapete Yoga,Sudeste,Site,3,99.0,297.0
2025-10-31,13417,Moda,Relógio,Nordeste,Site,2,279.65,559.3
2025-10-31,13418,Informática,Teclado Mecânico,Sul,Site,2,331.55,663.1
2025-10-31,13419,Moda,Tênis Esportivo,Sul,Site,1,379.05,379.05
2025-10-31,13420,Esporte,Tapete Yoga,Sudeste,Loja Física,2,94.05,188.1
2025-10-31,13421,Eletrônicos,Smartwatch,Nordeste,App,2,809.1,1618.2
2025-10-31,13422,Informática,"Monitor 24""",Sul,Loja Física,1,899.1,899.1
2025-10-31,13423,Esporte,Halteres 10kg,Sul,Site,3,160.65,481.95
2025-11-01,13424,Informática,"Monitor 24""",Sudeste,App,3,899.1,2697.3
2025-11-01,13425,Moda,Relógio,Nordeste,App,1,329.0,329.0
2025-11-01,13426,Esporte,Tapete Yoga,Sudeste,Site,1,94.05,94.05
2025-11-01,13427,Esporte,Halteres 10kg,Sudeste,Site,2,189.0,378.0
2025-11-01,13428,Esporte,Esteira,Sul,Site,1,2379.15,2379.15
2025-11-01,13429,Casa,Liquidificador,Centro-Oeste,App,2,199.0,398.0
2025-11-01,13430,Eletrônicos,Smartphone,Nordeste,App,1,1804.05,1804.05
2025-11-01,13431,Casa,Cafeteira,Nordeste,Loja Física,2,289.0,578.0
2025-11-01,13432,Esporte,Tapete Yoga,Sudeste,Site,3,94.05,282.15
2025-11-01,13433,Informática,"Monitor 24""",Nordeste,App,3,949.05,2847.15
2025-11-01,13434,Eletrônicos,Smartphone,Sul,App,1,1709.1,1709.1
2025-11-01,13435,Moda,Mochila,Sudeste,App,1,170.05,170.05
2025-11-01,13436,Eletrônicos,Fone Bluetooth,Sudeste,Site,1,249.0,249.0
2025-11-01,13437,Esporte,Tapete Yoga,Sudeste,App,2,99.0,198.0
2025-11-01,13438,Esporte,Esteira,Sudeste,App,1,2799.0,2799.0
2025-11-01,13439,Eletrônicos,Smartwatch,Centro-Oeste,Loja Física,2,764.15,1528.3
2025-11-02,13440,Eletrônicos,Smartphone,Nordeste,Site,1,1804.05,1804.05
2025-11-02,13441,Moda,Jaqueta,Sudeste,Site,1,259.0,259.0
2025-11-02,13442,Informática,Teclado Mecânico,Sudeste,Site,1,349.0,349.0
2025-11-02,13443,Esporte,Halteres 10kg,Norte,Site,2,189.0,378.0
2025-11-02,13444,Casa,Aspirador Robô,Centro-Oeste,App,1,1299.0,1299.0
2025-11-02,13445,Casa,Air Fryer,Sul,Loja Física,3,459.0,1377.0
2025-11-02,13446,Casa,Cafeteira,Sudeste,App,3,289.0,867.0
2025-11-02,13447,Moda,Relógio,Sudeste,Site,2,329.0,658.0
2025-11-02,13448,Esporte,Halteres 10kg,Sudeste,Site,3,189.0,567.0
2025-11-02,13449,Informática,Teclado Mecânico,Sudeste,App,2,349.0,698.0
2025-11-02,13450,Esporte,Tapete Yoga,Centro-Oeste,Site,2,94.05,188.1
2025-11-02,13451,Casa,Air Fryer,Norte,Site,1,436.05,436.05
2025-11-02,13452,Eletrônicos,Notebook,Norte,App,3,3799.05,11397.15
2025-11-03,13453,Informática,SSD 1TB,Sudeste,App,2,386.1,772.2
2025-11-03,13454,Moda,Jaqueta,Sudeste,Site,1,259.0,259.0
2025-11-03,13455,Informática,Mouse Gamer,Sudeste,Site,3,143.1,429.3
2025-11-03,13456,Moda,Relógio,Sudeste,App,1,329.0,329.0
2025-11-03,13457,Eletrônicos,Smartwatch,Nordeste,Site,1,854.05,854.05
2025-11-03,13458,Casa,Cafeteira,Sul,Loja Física,2,289.0,578.0
2025-11-03,13459,Esporte,Halteres 10kg,Sudeste,Loja Física,3,189.0,567.0
2025-11-03,13460,Casa,Aspirador Robô,Sudeste,Site,1,1234.05,1234.05
2025-11-04,13461,Esporte,Bicicleta,Nordeste,App,3,1599.0,4797.0
2025-11-04,13462,Moda,Tênis Esportivo,Sudeste,Loja Física,2,399.0,798.0
2025-11-04,13463,Casa,Aspirador Robô,Sudeste,App,1,1299.0,1299.0
2025-11-04,13464,Informática,SSD 1TB,Sul,App,2,429.0,858.0
2025-11-04,13465,Moda,Relógio,Nordeste,Site,1,329.0,329.0
2025-11-04,13466,Moda,Jaqueta,Sudeste,App,3,259.0,777.0
2025-11-04,13467,Esporte,Bicicleta,Sudeste,Site,3,1519.05,4557.15
2025-11-04,13468,Moda,Tênis Esportivo,Centro-Oeste,Site,2,379.05,758.1
2025-11-04,13469,Casa,Liquidificador,Nordeste,Site,1,199.0,199.0
2025-11-04,13470,Informática,Teclado Mecânico,Centro-Oeste,Loja Física,1,349.0,349.0
2025-11-05,13471,Esporte,Halteres 10kg,Sudeste,Site,3,189.0,567.0
2025-11-05,13472,Esporte,Tapete Yoga,Sudeste,Site,2,94.05,188.1
2025-11-05,13473,Informática,"Monitor 24""",Sudeste,Loja Física,2,999.0,1998.0
2025-11-05,13474,Moda,Mochila,Nordeste,Loja Física,2,179.0,358.0
2025-11-05,13475,Esporte,Halteres 10kg,Centro-Oeste,Site,1,189.0,189.0
2025-11-05,13476,Informática,"Monitor 24""",Nordeste,App,1,999.0,999.0
2025-11-05,13477,Casa,Cafeteira,Sudeste,App,1,274.55,274.55
2025-11-05,13478,Informática,Mouse Gamer,Sudeste,App,1,143.1,143.1
2025-11-05,13479,Informática,Mouse Gamer,Sul,App,1,151.05,151.05
2025-11-05,13480,Informática,SSD 1TB,Centro-Oeste,Site,2,429.0,858.0
2025-11-05,13481,Informática,SSD 1TB,Nordeste,Site,2,429.0,858.0
2025-11-05,13482,Informática,Teclado Mecânico,Sul,App,1,349.0,349.0
2025-11-05,13483,Eletrônicos,Smartphone,Sudeste,Site,2,1899.0,3798.0
2025-11-05,13484,Eletrônicos,Smartwatch,Nordeste,Site,1,809.1,809.1
2025-11-05,13485,Moda,Jaqueta,Sudeste,Loja Física,2,259.0,518.0
2025-11-05,13486,Eletrônicos,Smartwatch,Sudeste,App,3,899.0,2697.0
2025-11-05,13487,Eletrônicos,Smartwatch,Sudeste,App,3,809.1,2427.3
2025-11-05,13488,Eletrônicos,Smartphone,Sudeste,App,1,1804.05,1804.05
2025-11-05,13489,Casa,Aspirador Robô,Sudeste,App,1,1234.05,1234.05
2025-11-05,13490,Moda,Mochila,Sudeste,App,1,170.05,170.05
2025-11-05,13491,Moda,Jaqueta,Sudeste,App,3,246.05,738.15
2025-11-06,13492,Esporte,Bicicleta,Norte,Loja Física,2,1519.05,3038.1
2025-11-06,13493,Casa,Air Fryer,Sudeste,App,2,413.1,826.2
2025-11-06,13494,Eletrônicos,Smartphone,Sudeste,Loja Física,3,1899.0,5697.0
2025-11-06,13495,Moda,Mochila,Sudeste,Loja Física,1,170.05,170.05
2025-11-06,13496,Esporte,Halteres 10kg,Sul,App,3,170.1,510.3
2025-11-06,13497,Moda,Jaqueta,Norte,App,1,220.15,220.15
2025-11-06,13498,Informática,Mouse Gamer,Centro-Oeste,App,3,159.0,477.0
2025-11-06,13499,Informática,"Monitor 24""",Centro-Oeste,Site,2,949.05,1898.1
2025-11-07,13500,Moda,Jaqueta,Nordeste,Loja Física,1,246.05,246.05
2025-11-07,13501,Esporte,Halteres 10kg,Centro-Oeste,Loja Física,1,189.0,189.0
2025-11-07,13502,Eletrônicos,Fone Bluetooth,Centro-Oeste,Site,3,249.0,747.0
2025-11-07,13503,Eletrônicos,Smartwatch,Sul,App,2,899.0,1798.0
2025-11-07,13504,Casa,Cafeteira,Nordeste,Loja Física,1,289.0,289.0
2025-11-07,13505,Informática,"Monitor 24""",Sudeste,Site,1,949.05,949.05
2025-11-07,13506,Eletrônicos,Notebook,Sudeste,Site,1,3999.0,3999.0
2025-11-07,13507,Esporte,Halteres 10kg,Sudeste,App,3,189.0,567.0
2025-11-07,13508,Moda,Mochila,Sul,App,3,161.1,483.3
2025-11-07,13509,Casa,Liquidificador,Sudeste,Site,1,199.0,199.0
2025-11-07,13510,Moda,Relógio,Norte,Site,1,329.0,329.0
2025-11-07,13511,Moda,Mochila,Sudeste,Loja Física,2,170.05,340.1
2025-11-07,13512,Esporte,Halteres 10kg,Sul,Site,2,189.0,378.0
2025-11-07,13513,Informática,SSD 1TB,Sudeste,Loja Física,2,386.1,772.2
2025-11-07,13514,Informática,"Monitor 24""",Sudeste,Loja Física,1,899.1,899.1
2025-11-07,13515,Esporte,Tapete Yoga,Nordeste,App,2,99.0,198.0
2025-11-08,13516,Casa,Liquidificador,Sul,Site,3,169.15,507.45
2025-11-08,13517,Eletrônicos,Smartphone,Sul,Site,2,1614.15,3228.3
2025-11-08,13518,Moda,Tênis Esportivo,Norte,App,2,399.0,798.0
2025-11-08,13519,Esporte,Bicicleta,Nordeste,App,2,1599.0,3198.0
2025-11-08,13520,Informática,"Monitor 24""",Centro-Oeste,Loja Física,1,999.0,999.0
2025-11-08,13521,Informática,"Monitor 24""",Nordeste,Loja Física,1,849.15,849.15
2025-11-08,13522,Casa,Aspirador Robô,Sudeste,Loja Física,1,1299.0,1299.0
2025-11-08,13523,Moda,Mochila,Norte,Site,1,152.15,152.15
2025-11-08,13524,Eletrônicos,Fone Bluetooth,Sudeste,App,2,236.55,473.1
2025-11-08,13525,Esporte,Bicicleta,Centro-Oeste,App,1,1439.1,1439.1
2025-11-08,13526,Esporte,Halteres 10kg,Nordeste,Site,1,189.0,189.0
2025-11-08,13527,Esporte,Esteira,Sul,App,1,2799.0,2799.0
2025-11-08,13528,Informática,"Monitor 24""",Sul,App,2,949.05,1898.1
2025-11-09,13529,Casa,Cafeteira,Nordeste,Site,1,289.0,289.0
2025-11-09,13530,Casa,Aspirador Robô,Sul,Loja Física,3,1169.1,3507.3
2025-11-09,13531,Informática,"Monitor 24""",Norte,Site,1,949.05,949.05
2025-11-09,13532,Eletrônicos,Smartphone,Sudeste,App,1,1899.0,1899.0
2025-11-09,13533,Eletrônicos,Fone Bluetooth,Sul,Loja Física,1,249.0,249.0
2025-11-09,13534,Moda,Mochila,Sudeste,Site,2,179.0,358.0
2025-11-09,13535,Esporte,Halteres 10kg,Nordeste,Loja Física,2,179.55,359.1
2025-11-09,13536,Informática,Teclado Mecânico,Sudeste,Loja Física,3,349.0,1047.0
2025-11-09,13537,Moda,Jaqueta,Nordeste,Site,1,259.0,259.0
2025-11-09,13538,Informática,SSD 1TB,Nordeste,Site,1,429.0,429.0
2025-11-09,13539,Moda,Mochila,Sudeste,Site,2,179.0,358.0
2025-11-09,13540,Casa,Air Fryer,Sudeste,Loja Física,1,413.1,413.1
2025-11-09,13541,Esporte,Bicicleta,Centro-Oeste,Site,3,1519.05,4557.15
2025-11-09,13542,Informática,"Monitor 24""",Sudeste,App,1,949.05,949.05
2025-11-10,13543,Informática,SSD 1TB,Norte,App,2,386.1,772.2
2025-11-10,13544,Eletrônicos,Fone Bluetooth,Sudeste,Site,3,224.1,672.3
2025-11-10,13545,Esporte,Bicicleta,Sul,App,3,1519.05,4557.15
2025-11-10,13546,Casa,Aspirador Robô,Sudeste,Loja Física,2,1299.0,2598.0
2025-11-10,13547,Moda,Jaqueta,Norte,Site,2,259.0,518.0
2025-11-10,13548,Informática,"Monitor 24""",Sudeste,App,2,999.0,1998.0
2025-11-10,13549,Esporte,Esteira,Norte,App,1,2799.0,2799.0
2025-11-10,13550,Moda,Relógio,Sudeste,Site,3,329.0,987.0
2025-11-10,13551,Informática,SSD 1TB,Sudeste,Site,2,429.0,858.0
2025-11-10,13552,Moda,Jaqueta,Sudeste,Site,1,233.1,233.1
2025-11-10,13553,Eletrônicos,Notebook,Sudeste,Loja Física,1,3399.15,3399.15
2025-11-10,13554,Eletrônicos,Notebook,Sul,App,3,3999.0,11997.0
2025-11-10,13555,Moda,Mochila,Sudeste,Site,3,161.1,483.3
2025-11-10,13556,Eletrônicos,Smartwatch,Sudeste,Site,2,854.05,1708.1
2025-11-10,13557,Casa,Air Fryer,Centro-Oeste,Site,3,459.0,1377.0
2025-11-10,13558,Casa,Cafeteira,Nordeste,Loja Física,3,274.55,823.65
2025-11-11,13559,Casa,Air Fryer,Nordeste,Loja Física,2,459.0,918.0
2025-11-11,13560,Eletrônicos,Smartphone,Sudeste,Site,1,1804.05,1804.05
2025-11-11,13561,Moda,Tênis Esportivo,Sudeste,Site,3,399.0,1197.0
2025-11-11,13562,Casa,Liquidificador,Sudeste,App,2,179.1,358.2
2025-11-11,13563,Informática,"Monitor 24""",Norte,App,3,999.0,2997.0
2025-11-11,13564,Casa,Air Fryer,Centro-Oeste,App,2,413.1,826.2
2025-11-11,13565,Eletrônicos,Smartwatch,Sudeste,Loja Física,3,854.05,2562.15
2025-11-11,13566,Eletrônicos,Notebook,Sudeste,App,2,3999.0,7998.0
2025-11-11,13567,Casa,Aspirador Robô,Sudeste,App,2,1299.0,2598.0
2025-11-12,13568,Moda,Relógio,Sudeste,App,3,312.55,937.65
2025-11-12,13569,Esporte,Tapete Yoga,Sudeste,App,3,89.1,267.3
2025-11-12,13570,Moda,Jaqueta,Centro-Oeste,Loja Física,1,246.05,246.05
2025-11-12,13571,Informática,Mouse Gamer,Sul,App,2,159.0,318.0
2025-11-12,13572,Esporte,Bicicleta,Nordeste,App,2,1599.0,3198.0
2025-11-12,13573,Eletrônicos,Fone Bluetooth,Sudeste,Site,2,236.55,473.1
2025-11-12,13574,Casa,Cafeteira,Sudeste,Site,2,274.55,549.1
2025-11-12,13575,Eletrônicos,Smartwatch,Nordeste,Loja Física,1,854.05,854.05
2025-11-12,13576,Esporte,Bicicleta,Nordeste,Loja Física,2,1599.0,3198.0
2025-11-12,13577,Informática,"Monitor 24""",Nordeste,Site,3,899.1,2697.3
2025-11-12,13578,Eletrônicos,Smartwatch,Centro-Oeste,Loja Física,3,854.05,2562.15
2025-11-13,13579,Esporte,Tapete Yoga,Nordeste,Site,3,94.05,282.15
2025-11-13,13580,Esporte,Bicicleta,Centro-Oeste,App,2,1599.0,3198.0
2025-11-13,13581,Eletrônicos,Fone Bluetooth,Sul,Loja Física,1,236.55,236.55
2025-11-13,13582,Informática,"Monitor 24""",Centro-Oeste,Site,3,999.0,2997.0
2025-11-13,13583,Casa,Air Fryer,Sudeste,Site,3,436.05,1308.15
2025-11-13,13584,Moda,Tênis Esportivo,Sul,App,2,399.0,798.0
2025-11-13,13585,Moda,Relógio,Sudeste,Site,1,329.0,329.0
2025-11-13,13586,Informática,"Monitor 24""",Sudeste,Loja Física,3,999.0,2997.0
2025-11-13,13587,Eletrônicos,Smartwatch,Centro-Oeste,App,1,899.0,899.0
2025-11-13,13588,Eletrônicos,Smartphone,Nordeste,Site,3,1899.0,5697.0
2025-11-13,13589,Moda,Jaqueta,Sudeste,Site,2,246.05,492.1
2025-11-14,13590,Moda,Tênis Esportivo,Sudeste,Loja Física,1,399.0,399.0
2025-11-14,13591,Eletrônicos,Smartphone,Sudeste,App,1,1804.05,1804.05
2025-11-14,13592,Casa,Aspirador Robô,Nordeste,App,2,1169.1,2338.2
2025-11-14,13593,Casa,Cafeteira,Sudeste,Site,2,274.55,549.1
2025-11-14,13594,Esporte,Esteira,Sudeste,Loja Física,1,2799.0,2799.0
2025-11-14,13595,Informática,SSD 1TB,Nordeste,App,1,386.1,386.1
2025-11-14,13596,Eletrônicos,Smartwatch,Sul,Site,3,854.05,2562.15
2025-11-14,13597,Esporte,Bicicleta,Sudeste,Site,2,1599.0,3198.0
2025-11-14,13598,Esporte,Esteira,Norte,Site,2,2799.0,5598.0
2025-11-14,13599,Esporte,Tapete Yoga,Sudeste,Site,2,99.0,198.0
2025-11-14,13600,Casa,Aspirador Robô,Sul,Loja Física,3,1234.05,3702.15
2025-11-14,13601,Informática,SSD 1TB,Nordeste,Loja Física,1,407.55,407.55
2025-11-14,13602,Eletrônicos,Smartwatch,Sudeste,Site,1,899.0,899.0
2025-11-14,13603,Informática,Mouse Gamer,Sudeste,App,1,159.0,159.0
2025-11-14,13604,Moda,Mochila,Nordeste,Loja Física,1,179.0,179.0
2025-11-15,13605,Eletrônicos,Smartwatch,Centro-Oeste,App,1,899.0,899.0
2025-11-15,13606,Informática,Teclado Mecânico,Sudeste,Site,2,349.0,698.0
2025-11-15,13607,Esporte,Bicicleta,Centro-Oeste,Site,2,1599.0,3198.0
2025-11-15,13608,Esporte,Tapete Yoga,Sudeste,Site,1,89.1,89.1
2025-11-15,13609,Moda,Relógio,Norte,Site,1,329.0,329.0
2025-11-15,13610,Eletrônicos,Fone Bluetooth,Sudeste,App,2,249.0,498.0
2025-11-15,13611,Moda,Mochila,Nordeste,App,3,161.1,483.3
2025-11-15,13612,Informática,SSD 1TB,Nordeste,Site,2,407.55,815.1
2025-11-15,13613,Casa,Liquidificador,Norte,Site,2,179.1,358.2
2025-11-15,13614,Casa,Liquidificador,Sul,Loja Física,2,199.0,398.0
2025-11-15,13615,Informática,Mouse Gamer,Norte,Site,2,143.1,286.2
2025-11-15,13616,Moda,Tênis Esportivo,Sul,Site,3,399.0,1197.0
2025-11-15,13617,Eletrônicos,Fone Bluetooth,Sudeste,Loja Física,2,249.0,498.0
2025-11-15,13618,Eletrônicos,Fone Bluetooth,Nordeste,Site,2,236.55,473.1
2025-11-15,13619,Esporte,Bicicleta,Norte,Site,1,1599.0,1599.0
2025-11-15,13620,Eletrônicos,Smartwatch,Centro-Oeste,Site,3,809.1,2427.3
2025-11-15,13621,Eletrônicos,Smartwatch,Nordeste,Site,2,899.0,1798.0
2025-11-16,13622,Moda,Mochila,Nordeste,Loja Física,1,161.1,161.1
2025-11-16,13623,Moda,Jaqueta,Nordeste,Site,1,233.1,233.1
2025-11-16,13624,Casa,Cafeteira,Nordeste,Site,1,260.1,260.1
2025-11-16,13625,Eletrônicos,Fone Bluetooth,Sudeste,Site,3,249.0,747.0
2025-11-16,13626,Informática,Mouse Gamer,Centro-Oeste,App,3,159.0,477.0
2025-11-16,13627,Moda,Tênis Esportivo,Nordeste,Loja Física,3,399.0,1197.0
2025-11-16,13628,Informática,Mouse Gamer,Centro-Oeste,App,3,151.05,453.15
2025-11-16,13629,Casa,Aspirador Robô,Sudeste,App,2,1299.0,2598.0
2025-11-16,13630,Moda,Mochila,Norte,Site,3,179.0,537.0
2025-11-16,13631,Casa,Aspirador Robô,Centro-Oeste,Loja Física,1,1299.0,1299.0
2025-11-16,13632,Esporte,Tapete Yoga,Nordeste,App,3,84.15,252.45
2025-11-16,13633,Eletrônicos,Fone Bluetooth,Sudeste,Site,3,249.0,747.0
2025-11-16,13634,Casa,Aspirador Robô,Norte,Site,3,1169.1,3507.3
2025-11-17,13635,Casa,Air Fryer,Norte,Site,1,459.0,459.0
2025-11-17,13636,Casa,Air Fryer,Nordeste,Site,3,413.1,1239.3
2025-11-17,13637,Casa,Cafeteira,Sudeste,Loja Física,3,289.0,867.0
2025-11-17,13638,Esporte,Esteira,Sudeste,App,3,2659.05,7977.15
2025-11-17,13639,Informática,SSD 1TB,Sudeste,App,1,429.0,429.0
2025-11-17,13640,Informática,SSD 1TB,Sudeste,Site,1,386.1,386.1
2025-11-17,13641,Casa,Liquidificador,Norte,Site,2,189.05,378.1
2025-11-17,13642,Esporte,Esteira,Sul,App,2,2799.0,5598.0
2025-11-17,13643,Informática,SSD 1TB,Norte,App,1,429.0,429.0
2025-11-17,13644,Eletrônicos,Notebook,Sudeste,Site,1,3999.0,3999.0
2025-11-17,13645,Moda,Jaqueta,Sul,Site,2,259.0,518.0
2025-11-17,13646,Casa,Cafeteira,Centro-Oeste,App,1,289.0,289.0
2025-11-17,13647,Casa,Air Fryer,Sul,App,3,436.05,1308.15
2025-11-18,13648,Casa,Air Fryer,Nordeste,Site,2,459.0,918.0
2025-11-18,13649,Moda,Mochila,Norte,Loja Física,2,179.0,358.0
2025-11-18,13650,Moda,Mochila,Centro-Oeste,Site,2,152.15,304.3
2025-11-18,13651,Esporte,Esteira,Norte,App,1,2659.05,2659.05
2025-11-18,13652,Casa,Liquidificador,Nordeste,Site,1,199.0,199.0
2025-11-18,13653,Casa,Air Fryer,Sudeste,Site,3,436.05,1308.15
2025-11-18,13654,Informática,Teclado Mecânico,Sudeste,Site,1,349.0,349.0
2025-11-18,13655,Casa,Aspirador Robô,Sul,Site,3,1299.0,3897.0
2025-11-18,13656,Eletrônicos,Fone Bluetooth,Sudeste,App,1,249.0,249.0
2025-11-18,13657,Informática,SSD 1TB,Centro-Oeste,App,3,429.0,1287.0
2025-11-18,13658,Casa,Aspirador Robô,Nordeste,Loja Física,3,1299.0,3897.0
2025-11-18,13659,Esporte,Bicicleta,Nordeste,App,3,1599.0,4797.0
2025-11-19,13660,Esporte,Tapete Yoga,Centro-Oeste,Site,3,94.05,282.15
2025-11-19,13661,Eletrônicos,Notebook,Sul,Loja Física,2,3999.0,7998.0
2025-11-19,13662,Informática,SSD 1TB,Sudeste,App,3,429.0,1287.0
2025-11-19,13663,Eletrônicos,Fone Bluetooth,Sudeste,Site,2,249.0,498.0
2025-11-19,13664,Moda,Relógio,Norte,Site,3,312.55,937.65
2025-11-19,13665,Moda,Mochila,Sudeste,App,2,161.1,322.2
2025-11-19,13666,Informática,Mouse Gamer,Sudeste,App,1,159.0,159.0
2025-11-19,13667,Eletrônicos,Smartwatch,Sul,App,1,854.05,854.05
2025-11-19,13668,Esporte,Halteres 10kg,Nordeste,App,1,170.1,170.1
2025-11-20,13669,Moda,Mochila,Nordeste,Site,3,179.0,537.0
2025-11-20,13670,Casa,Liquidificador,Sudeste,Site,1,189.05,189.05
2025-11-20,13671,Eletrônicos,Notebook,Centro-Oeste,Loja Física,3,3599.1,10797.3
2025-11-20,13672,Informática,SSD 1TB,Sudeste,App,3,429.0,1287.0
2025-11-20,13673,Informática,Mouse Gamer,Sul,App,2,159.0,318.0
2025-11-20,13674,Esporte,Halteres 10kg,Sul,Site,3,179.55,538.65
2025-11-20,13675,Esporte,Esteira,Nordeste,Site,1,2799.0,2799.0
2025-11-20,13676,Moda,Relógio,Sudeste,App,2,279.65,559.3
2025-11-20,13677,Esporte,Esteira,Sudeste,Loja Física,3,2799.0,8397.0
2025-11-20,13678,Esporte,Halteres 10kg,Sudeste,Site,2,189.0,378.0
2025-11-20,13679,Moda,Relógio,Norte,App,2,296.1,592.2
2025-11-21,13680,Moda,Tênis Esportivo,Sudeste,Loja Física,3,379.05,1137.15
2025-11-21,13681,Informática,"Monitor 24""",Sul,App,2,999.0,1998.0
2025-11-21,13682,Esporte,Tapete Yoga,Sudeste,App,3,99.0,297.0
2025-11-21,13683,Esporte,Tapete Yoga,Sul,Site,1,99.0,99.0
2025-11-21,13684,Eletrônicos,Notebook,Nordeste,Site,1,3999.0,3999.0
2025-11-21,13685,Moda,Jaqueta,Nordeste,Site,2,259.0,518.0
2025-11-21,13686,Esporte,Halteres 10kg,Sudeste,App,3,170.1,510.3
2025-11-21,13687,Informática,"Monitor 24""",Sudeste,App,2,949.05,1898.1
2025-11-21,13688,Casa,Aspirador Robô,Sudeste,Site,3,1299.0,3897.0
2025-11-21,13689,Informática,SSD 1TB,Nordeste,App,1,429.0,429.0
2025-11-21,13690,Eletrônicos,Smartwatch,Sudeste,App,2,764.15,1528.3
2025-11-21,13691,Esporte,Esteira,Sul,Site,2,2519.1,5038.2
2025-11-21,13692,Informática,Teclado Mecânico,Centro-Oeste,Site,1,349.0,349.0
2025-11-22,13693,Informática,SSD 1TB,Sudeste,Loja Física,2,429.0,858.0
2025-11-22,13694,Esporte,Halteres 10kg,Centro-Oeste,Loja Física,1,189.0,189.0
2025-11-22,13695,Esporte,Tapete Yoga,Nordeste,Site,1,99.0,99.0
2025-11-22,13696,Esporte,Esteira,Sul,Loja Física,3,2659.05,7977.15
2025-11-22,13697,Moda,Jaqueta,Sudeste,Site,2,259.0,518.0
2025-11-22,13698,Moda,Tênis Esportivo,Nordeste,App,3,399.0,1197.0
2025-11-22,13699,Informática,SSD 1TB,Sudeste,App,3,429.0,1287.0
2025-11-22,13700,Moda,Jaqueta,Sudeste,Site,1,259.0,259.0
2025-11-22,13701,Moda,Relógio,Sudeste,Loja Física,3,312.55,937.65
2025-11-22,13702,Esporte,Tapete Yoga,Sudeste,Site,2,84.15,168.3
2025-11-22,13703,Informática,"Monitor 24""",Sudeste,App,3,999.0,2997.0
2025-11-22,13704,Esporte,Esteira,Norte,App,3,2659.05,7977.15
2025-11-22,13705,Esporte,Tapete Yoga,Nordeste,App,2,99.0,198.0
2025-11-22,13706,Casa,Cafeteira,Nordeste,Loja Física,2,289.0,578.0
2025-11-22,13707,Casa,Cafeteira,Sudeste,Site,3,289.0,867.0
2025-11-22,13708,Esporte,Tapete Yoga,Nordeste,App,2,99.0,198.0
2025-11-22,13709,Eletrônicos,Fone Bluetooth,Sul,Site,2,211.65,423.3
2025-11-22,13710,Esporte,Esteira,Sudeste,App,1,2659.05,2659.05
2025-11-23,13711,Eletrônicos,Smartphone,Centro-Oeste,App,3,1899.0,5697.0
2025-11-23,13712,Informática,"Monitor 24""",Sul,Site,2,949.05,1898.1
2025-11-23,13713,Informática,Mouse Gamer,Sudeste,App,3,159.0,477.0
2025-11-23,13714,Eletrônicos,Notebook,Sudeste,Site,1,3999.0,3999.0
2025-11-23,13715,Esporte,Bicicleta,Norte,Site,3,1599.0,4797.0
2025-11-23,13716,Eletrônicos,Notebook,Sudeste,App,1,3999.0,3999.0
2025-11-23,13717,Informática,Teclado Mecânico,Nordeste,Site,3,314.1,942.3
2025-11-23,13718,Esporte,Esteira,Nordeste,Site,2,2799.0,5598.0
2025-11-23,13719,Eletrônicos,Fone Bluetooth,Sudeste,Site,2,249.0,498.0
2025-11-23,13720,Informática,Teclado Mecânico,Sudeste,Site,3,349.0,1047.0
2025-11-23,13721,Esporte,Tapete Yoga,Sul,App,1,94.05,94.05
2025-11-23,13722,Casa,Liquidificador,Sul,App,2,199.0,398.0
2025-11-23,13723,Esporte,Bicicleta,Sudeste,Loja Física,2,1599.0,3198.0
2025-11-23,13724,Moda,Mochila,Nordeste,Site,3,179.0,537.0
2025-11-24,13725,Esporte,Tapete Yoga,Centro-Oeste,Site,3,99.0,297.0
2025-11-24,13726,Informática,"Monitor 24""",Sul,Site,1,999.0,999.0
2025-11-24,13727,Esporte,Esteira,Centro-Oeste,Site,2,2659.05,5318.1
2025-11-24,13728,Informática,Mouse Gamer,Sudeste,App,2,159.0,318.0
2025-11-24,13729,Casa,Liquidificador,Sul,App,2,179.1,358.2
2025-11-24,13730,Esporte,Tapete Yoga,Sul,Site,1,84.15,84.15
2025-11-24,13731,Moda,Relógio,Nordeste,Loja Física,3,296.1,888.3
2025-11-24,13732,Casa,Cafeteira,Nordeste,Site,2,289.0,578.0
2025-11-24,13733,Informática,Mouse Gamer,Norte,Site,3,143.1,429.3
2025-11-24,13734,Esporte,Tapete Yoga,Sudeste,App,1,89.1,89.1
2025-11-24,13735,Eletrônicos,Notebook,Sudeste,App,2,3999.0,7998.0
2025-11-24,13736,Esporte,Esteira,Nordeste,App,1,2659.05,2659.05
2025-11-24,13737,Esporte,Halteres 10kg,Norte,Site,2,189.0,378.0
2025-11-24,13738,Informática,SSD 1TB,Norte,App,2,429.0,858.0
2025-11-25,13739,Informática,Teclado Mecânico,Nordeste,Loja Física,2,296.65,593.3
2025-11-25,13740,Moda,Jaqueta,Nordeste,App,2,259.0,518.0
2025-11-25,13741,Esporte,Bicicleta,Sudeste,Loja Física,1,1599.0,1599.0
2025-11-25,13742,Casa,Air Fryer,Sudeste,App,1,413.1,413.1
2025-11-25,13743,Esporte,Tapete Yoga,Sudeste,Site,2,89.1,178.2
2025-11-25,13744,Moda,Relógio,Nordeste,App,3,312.55,937.65
2025-11-25,13745,Informática,Mouse Gamer,Sul,App,1,143.1,143.1
2025-11-26,13746,Informática,"Monitor 24""",Sul,Loja Física,3,999.0,2997.0
2025-11-26,13747,Esporte,Halteres 10kg,Norte,Site,1,179.55,179.55
2025-11-26,13748,Informática,Teclado Mecânico,Sudeste,App,3,349.0,1047.0
2025-11-26,13749,Casa,Aspirador Robô,Norte,Loja Física,1,1234.05,1234.05
2025-11-26,13750,Moda,Jaqueta,Nordeste,Site,1,246.05,246.05
2025-11-26,13751,Casa,Aspirador Robô,Sul,App,1,1299.0,1299.0
2025-11-26,13752,Moda,Mochila,Sudeste,App,2,161.1,322.2
2025-11-26,13753,Informática,SSD 1TB,Sudeste,Site,2,429.0,858.0
2025-11-26,13754,Casa,Cafeteira,Centro-Oeste,App,2,289.0,578.0
2025-11-26,13755,Informática,Mouse Gamer,Sudeste,App,2,143.1,286.2
2025-11-26,13756,Informática,Mouse Gamer,Sul,App,1,143.1,143.1
2025-11-26,13757,Esporte,Esteira,Sudeste,Site,3,2659.05,7977.15
2025-11-26,13758,Informática,SSD 1TB,Centro-Oeste,Site,1,407.55,407.55
2025-11-26,13759,Eletrônicos,Smartwatch,Sudeste,Site,2,899.0,1798.0
2025-11-26,13760,Esporte,Esteira,Sul,Site,1,2659.05,2659.05
2025-11-26,13761,Esporte,Esteira,Nordeste,Site,2,2519.1,5038.2
2025-11-26,13762,Informática,SSD 1TB,Norte,Site,2,429.0,858.0
2025-11-27,13763,Eletrônicos,Fone Bluetooth,Sul,Loja Física,1,211.65,211.65
2025-11-27,13764,Eletrônicos,Smartwatch,Sudeste,Site,2,899.0,1798.0
2025-11-27,13765,Esporte,Bicicleta,Norte,Site,3,1599.0,4797.0
2025-11-27,13766,Moda,Tênis Esportivo,Sudeste,App,2,399.0,798.0
2025-11-27,13767,Informática,Teclado Mecânico,Sudeste,App,1,349.0,349.0
2025-11-27,13768,Moda,Jaqueta,Nordeste,Site,1,259.0,259.0
2025-11-27,13769,Informática,Teclado Mecânico,Norte,Loja Física,3,349.0,1047.0
2025-11-27,13770,Casa,Cafeteira,Sul,Site,3,289.0,867.0
2025-11-27,13771,Informática,SSD 1TB,Nordeste,App,2,429.0,858.0
2025-11-27,13772,Casa,Liquidificador,Norte,Site,2,199.0,398.0
2025-11-27,13773,Casa,Liquidificador,Centro-Oeste,Site,1,179.1,179.1
2025-11-27,13774,Casa,Liquidificador,Sudeste,Site,3,199.0,597.0
2025-11-28,13775,Moda,Mochila,Sudeste,App,1,161.1,161.1
2025-11-28,13776,Esporte,Esteira,Norte,Loja Física,1,2799.0,2799.0
2025-11-28,13777,Informática,Mouse Gamer,Sul,Site,1,159.0,159.0
2025-11-28,13778,Informática,SSD 1TB,Sudeste,Loja Física,1,429.0,429.0
2025-11-28,13779,Esporte,Tapete Yoga,Centro-Oeste,Site,1,99.0,99.0
2025-11-28,13780,Casa,Aspirador Robô,Norte,Site,3,1299.0,3897.0
2025-11-28,13781,Informática,SSD 1TB,Sul,Site,2,386.1,772.2
2025-11-28,13782,Eletrônicos,Notebook,Sul,Site,3,3999.0,11997.0
2025-11-28,13783,Casa,Liquidificador,Nordeste,Loja Física,2,199.0,398.0
2025-11-28,13784,Esporte,Tapete Yoga,Sul,Site,3,99.0,297.0
2025-11-28,13785,Esporte,Halteres 10kg,Nordeste,App,3,170.1,510.3
2025-11-28,13786,Informática,SSD 1TB,Nordeste,App,1,429.0,429.0
2025-11-28,13787,Casa,Liquidificador,Nordeste,App,2,199.0,398.0
2025-11-29,13788,Casa,Air Fryer,Nordeste,Site,1,436.05,436.05
2025-11-29,13789,Casa,Liquidificador,Sudeste,Site,2,199.0,398.0
2025-11-29,13790,Moda,Jaqueta,Centro-Oeste,Site,1,220.15,220.15
2025-11-29,13791,Casa,Aspirador Robô,Sudeste,Site,1,1299.0,1299.0
2025-11-29,13792,Informática,SSD 1TB,Sudeste,App,1,429.0,429.0
2025-11-29,13793,Esporte,Esteira,Sudeste,Loja Física,3,2799.0,8397.0
2025-11-29,13794,Informática,Mouse Gamer,Sudeste,Site,1,159.0,159.0
2025-11-29,13795,Esporte,Esteira,Sul,Site,3,2379.15,7137.45
2025-11-29,13796,Moda,Tênis Esportivo,Sul,Loja Física,3,399.0,1197.0
2025-11-30,13797,Eletrônicos,Smartphone,Sudeste,Site,3,1614.15,4842.45
2025-11-30,13798,Eletrônicos,Smartphone,Sudeste,Site,2,1899.0,3798.0
2025-11-30,13799,Esporte,Halteres 10kg,Sudeste,Loja Física,2,179.55,359.1
2025-11-30,13800,Casa,Liquidificador,Norte,Loja Física,1,199.0,199.0
2025-11-30,13801,Informática,Teclado Mecânico,Sudeste,Site,3,314.1,942.3
2025-11-30,13802,Informática,Teclado Mecânico,Sul,App,2,314.1,628.2
2025-11-30,13803,Informática,SSD 1TB,Sudeste,App,3,407.55,1222.65
2025-11-30,13804,Eletrônicos,Fone Bluetooth,Sul,Loja Física,2,249.0,498.0
2025-11-30,13805,Eletrônicos,Notebook,Nordeste,App,1,3999.0,3999.0
2025-11-30,13806,Eletrônicos,Notebook,Nordeste,Site,2,3999.0,7998.0
2025-11-30,13807,Moda,Tênis Esportivo,Norte,App,1,399.0,399.0
2025-12-01,13808,Casa,Liquidificador,Nordeste,Site,2,179.1,358.2
2025-12-01,13809,Informática,"Monitor 24""",Nordeste,App,1,999.0,999.0
2025-12-01,13810,Eletrônicos,Smartwatch,Sudeste,App,3,899.0,2697.0
2025-12-01,13811,Eletrônicos,Smartphone,Centro-Oeste,Loja Física,2,1709.1,3418.2
2025-12-01,13812,Esporte,Tapete Yoga,Centro-Oeste,Site,2,99.0,198.0
2025-12-01,13813,Esporte,Tapete Yoga,Sul,Loja Física,2,89.1,178.2
2025-12-01,13814,Informática,"Monitor 24""",Norte,Site,2,949.05,1898.1
2025-12-01,13815,Informática,Mouse Gamer,Nordeste,App,1,159.0,159.0
2025-12-01,13816,Eletrônicos,Smartphone,Centro-Oeste,App,1,1899.0,1899.0
2025-12-01,13817,Informática,Mouse Gamer,Centro-Oeste,App,1,159.0,159.0
2025-12-01,13818,Eletrônicos,Smartphone,Centro-Oeste,Site,2,1804.05,3608.1
2025-12-01,13819,Eletrônicos,Notebook,Sul,App,1,3399.15,3399.15
2025-12-02,13820,Casa,Liquidificador,Nordeste,Loja Física,1,179.1,179.1
2025-12-02,13821,Informática,Mouse Gamer,Sudeste,Site,3,151.05,453.15
2025-12-02,13822,Informática,Teclado Mecânico,Sudeste,Site,2,349.0,698.0
2025-12-02,13823,Casa,Liquidificador,Sul,App,2,199.0,398.0
2025-12-02,13824,Eletrônicos,Smartphone,Sudeste,App,2,1899.0,3798.0
2025-12-02,13825,Moda,Relógio,Norte,App,3,329.0,987.0
2025-12-02,13826,Casa,Aspirador Robô,Centro-Oeste,App,3,1299.0,3897.0
2025-12-02,13827,Eletrônicos,Fone Bluetooth,Norte,Loja Física,2,249.0,498.0
2025-12-02,13828,Moda,Relógio,Nordeste,Site,2,329.0,658.0
2025-12-02,13829,Moda,Mochila,Norte,Site,3,161.1,483.3
2025-12-02,13830,Eletrônicos,Notebook,Sudeste,Site,3,3599.1,10797.3
2025-12-02,13831,Moda,Jaqueta,Sudeste,Site,1,259.0,259.0
2025-12-03,13832,Esporte,Bicicleta,Sul,Site,2,1519.05,3038.1
2025-12-03,13833,Informática,Mouse Gamer,Norte,Loja Física,3,159.0,477.0
2025-12-03,13834,Moda,Mochila,Nordeste,Site,3,152.15,456.45
2025-12-03,13835,Moda,Tênis Esportivo,Norte,Site,2,399.0,798.0
2025-12-03,13836,Esporte,Bicicleta,Centro-Oeste,Loja Física,1,1519.05,1519.05
2025-12-03,13837,Eletrônicos,Smartphone,Centro-Oeste,Site,3,1804.05,5412.15
2025-12-03,13838,Informática,SSD 1TB,Nordeste,Site,2,429.0,858.0
2025-12-04,13839,Esporte,Esteira,Sudeste,Site,1,2519.1,2519.1
2025-12-04,13840,Esporte,Esteira,Nordeste,App,2,2799.0,5598.0
2025-12-04,13841,Eletrônicos,Notebook,Nordeste,Site,2,3799.05,7598.1
2025-12-04,13842,Casa,Air Fryer,Nordeste,App,1,459.0,459.0
2025-12-04,13843,Casa,Liquidificador,Centro-Oeste,Site,3,199.0,597.0
2025-12-04,13844,Esporte,Esteira,Nordeste,App,2,2799.0,5598.0
2025-12-04,13845,Eletrônicos,Notebook,Norte,App,1,3599.1,3599.1
2025-12-04,13846,Esporte,Tapete Yoga,Nordeste,Site,3,94.05,282.15
2025-12-04,13847,Casa,Liquidificador,Norte,Site,1,199.0,199.0
2025-12-04,13848,Moda,Tênis Esportivo,Sul,Site,2,399.0,798.0
2025-12-04,13849,Informática,Teclado Mecânico,Sudeste,App,1,349.0,349.0
2025-12-04,13850,Informática,Mouse Gamer,Sudeste,Site,1,159.0,159.0
2025-12-05,13851,Eletrônicos,Fone Bluetooth,Nordeste,App,1,249.0,249.0
2025-12-05,13852,Eletrônicos,Fone Bluetooth,Sudeste,Site,1,224.1,224.1
2025-12-05,13853,Informática,"Monitor 24""",Nordeste,App,3,949.05,2847.15
2025-12-05,13854,Moda,Tênis Esportivo,Sudeste,App,3,399.0,1197.0
2025-12-05,13855,Moda,Jaqueta,Sul,App,3,259.0,777.0
2025-12-05,13856,Moda,Jaqueta,Sul,Loja Física,2,259.0,518.0
2025-12-05,13857,Eletrônicos,Smartwatch,Sudeste,App,2,899.0,1798.0
2025-12-05,13858,Casa,Aspirador Robô,Sul,Site,1,1169.1,1169.1
2025-12-05,13859,Moda,Jaqueta,Sul,Site,3,259.0,777.0
2025-12-06,13860,Eletrônicos,Notebook,Sudeste,App,1,3999.0,3999.0
2025-12-06,13861,Eletrônicos,Notebook,Nordeste,Site,3,3999.0,11997.0
2025-12-06,13862,Eletrônicos,Smartphone,Sudeste,Loja Física,3,1899.0,5697.0
2025-12-06,13863,Casa,Liquidificador,Centro-Oeste,App,3,199.0,597.0
2025-12-06,13864,Casa,Aspirador Robô,Sudeste,App,1,1299.0,1299.0
2025-12-06,13865,Informática,"Monitor 24""",Sudeste,App,1,999.0,999.0
2025-12-06,13866,Informática,Mouse Gamer,Nordeste,Site,3,159.0,477.0
2025-12-06,13867,Informática,"Monitor 24""",Sul,Loja Física,3,999.0,2997.0
2025-12-06,13868,Casa,Aspirador Robô,Centro-Oeste,App,1,1299.0,1299.0
2025-12-06,13869,Esporte,Halteres 10kg,Sudeste,Site,3,170.1,510.3
2025-12-06,13870,Eletrônicos,Smartwatch,Nordeste,Loja Física,1,899.0,899.0
2025-12-06,13871,Casa,Cafeteira,Nordeste,Site,1,289.0,289.0
2025-12-06,13872,Esporte,Esteira,Nordeste,Site,1,2799.0,2799.0
2025-12-06,13873,Informática,Teclado Mecânico,Sudeste,Site,1,349.0,349.0
2025-12-07,13874,Informática,Mouse Gamer,Nordeste,Loja Física,3,151.05,453.15
2025-12-07,13875,Casa,Cafeteira,Centro-Oeste,Loja Física,2,289.0,578.0
2025-12-07,13876,Eletrônicos,Notebook,Sudeste,Site,2,3799.05,7598.1
2025-12-07,13877,Casa,Aspirador Robô,Nordeste,App,3,1299.0,3897.0
2025-12-07,13878,Casa,Cafeteira,Sudeste,App,2,289.0,578.0
2025-12-07,13879,Moda,Relógio,Nordeste,Loja Física,1,296.1,296.1
2025-12-07,13880,Eletrônicos,Notebook,Nordeste,App,2,3999.0,7998.0
2025-12-07,13881,Moda,Tênis Esportivo,Sul,Loja Física,1,399.0,399.0
2025-12-07,13882,Casa,Cafeteira,Norte,Site,2,289.0,578.0
2025-12-07,13883,Eletrônicos,Smartphone,Nordeste,Site,1,1614.15,1614.15
2025-12-08,13884,Esporte,Esteira,Nordeste,Site,3,2799.0,8397.0
2025-12-08,13885,Casa,Liquidificador,Sul,App,1,179.1,179.1
2025-12-08,13886,Casa,Cafeteira,Norte,App,2,289.0,578.0
2025-12-08,13887,Esporte,Tapete Yoga,Centro-Oeste,Loja Física,2,94.05,188.1
2025-12-08,13888,Eletrônicos,Smartwatch,Centro-Oeste,Site,2,899.0,1798.0
2025-12-08,13889,Eletrônicos,Smartwatch,Nordeste,Site,2,899.0,1798.0
2025-12-08,13890,Informática,"Monitor 24""",Norte,App,2,999.0,1998.0
2025-12-08,13891,Informática,SSD 1TB,Sudeste,Site,2,429.0,858.0
2025-12-09,13892,Informática,"Monitor 24""",Sul,App,2,949.05,1898.1
2025-12-10,13893,Casa,Cafeteira,Nordeste,Site,1,274.55,274.55
2025-12-10,13894,Casa,Cafeteira,Sudeste,App,1,274.55,274.55
2025-12-10,13895,Esporte,Esteira,Sudeste,App,2,2659.05,5318.1
2025-12-10,13896,Informática,Mouse Gamer,Centro-Oeste,Site,2,159.0,318.0
2025-12-10,13897,Informática,SSD 1TB,Sudeste,App,2,364.65,729.3
2025-12-10,13898,Eletrônicos,Notebook,Sudeste,Site,1,3999.0,3999.0
2025-12-10,13899,Moda,Tênis Esportivo,Sul,Site,1,379.05,379.05
2025-12-10,13900,Eletrônicos,Smartphone,Sudeste,Site,3,1804.05,5412.15
2025-12-10,13901,Eletrônicos,Notebook,Sul,Loja Física,2,3599.1,7198.2
2025-12-10,13902,Casa,Liquidificador,Sul,App,3,169.15,507.45
2025-12-10,13903,Moda,Mochila,Sudeste,Site,1,179.0,179.0
2025-12-10,13904,Moda,Jaqueta,Nordeste,Site,1,233.1,233.1
2025-12-10,13905,Casa,Cafeteira,Centro-Oeste,Site,1,260.1,260.1
2025-12-10,13906,Informática,Mouse Gamer,Nordeste,Loja Física,2,135.15,270.3
2025-12-10,13907,Moda,Jaqueta,Sudeste,Loja Física,3,246.05,738.15
2025-12-10,13908,Informática,Teclado Mecânico,Sul,App,3,349.0,1047.0
2025-12-10,13909,Eletrônicos,Smartwatch,Sudeste,Loja Física,3,854.05,2562.15
2025-12-11,13910,Informática,SSD 1TB,Sudeste,Loja Física,3,429.0,1287.0
2025-12-11,13911,Informática,SSD 1TB,Norte,Loja Física,1,386.1,386.1
2025-12-11,13912,Informática,Teclado Mecânico,Nordeste,Loja Física,1,349.0,349.0
2025-12-11,13913,Informática,Mouse Gamer,Sul,App,2,159.0,318.0
2025-12-11,13914,Casa,Liquidificador,Nordeste,App,1,189.05,189.05
2025-12-11,13915,Moda,Relógio,Sul,App,1,329.0,329.0
2025-12-11,13916,Eletrônicos,Smartphone,Sudeste,Site,1,1614.15,1614.15
2025-12-11,13917,Esporte,Tapete Yoga,Sudeste,Site,2,99.0,198.0
2025-12-11,13918,Esporte,Bicicleta,Nordeste,Site,1,1599.0,1599.0
2025-12-11,13919,Informática,"Monitor 24""",Sudeste,Loja Física,3,999.0,2997.0
2025-12-11,13920,Moda,Mochila,Sudeste,App,1,179.0,179.0
2025-12-11,13921,Esporte,Esteira,Sul,Site,2,2799.0,5598.0
2025-12-11,13922,Casa,Aspirador Robô,Sul,Site,3,1104.15,3312.45
2025-12-11,13923,Eletrônicos,Smartwatch,Norte,Site,3,899.0,2697.0
2025-12-12,13924,Eletrônicos,Notebook,Nordeste,Site,2,3999.0,7998.0
2025-12-12,13925,Eletrônicos,Notebook,Sudeste,Site,2,3999.0,7998.0
2025-12-12,13926,Eletrônicos,Notebook,Nordeste,Site,1,3599.1,3599.1
2025-12-12,13927,Moda,Tênis Esportivo,Sul,Site,3,399.0,1197.0
2025-12-12,13928,Eletrônicos,Fone Bluetooth,Sudeste,Site,3,236.55,709.65
2025-12-12,13929,Esporte,Bicicleta,Sudeste,Site,3,1599.0,4797.0
2025-12-12,13930,Eletrônicos,Fone Bluetooth,Sudeste,Loja Física,1,236.55,236.55
2025-12-12,13931,Casa,Cafeteira,Sul,Site,3,289.0,867.0
2025-12-12,13932,Informática,Teclado Mecânico,Sudeste,Site,2,349.0,698.0
2025-12-13,13933,Moda,Tênis Esportivo,Sudeste,Site,3,399.0,1197.0
2025-12-13,13934,Moda,Tênis Esportivo,Nordeste,Site,3,339.15,1017.45
2025-12-13,13935,Eletrônicos,Notebook,Sul,App,3,3799.05,11397.15
2025-12-13,13936,Informática,"Monitor 24""",Sul,Site,2,899.1,1798.2
2025-12-13,13937,Esporte,Halteres 10kg,Sul,Loja Física,3,170.1,510.3
2025-12-13,13938,Casa,Liquidificador,Sudeste,Site,2,199.0,398.0
2025-12-13,13939,Casa,Liquidificador,Sudeste,App,2,199.0,398.0
2025-12-13,13940,Eletrônicos,Smartphone,Sudeste,App,3,1709.1,5127.3
2025-12-13,13941,Eletrônicos,Smartphone,Norte,Loja Física,3,1899.0,5697.0
2025-12-13,13942,Esporte,Tapete Yoga,Sudeste,Site,3,94.05,282.15
2025-12-13,13943,Moda,Jaqueta,Sul,Loja Física,2,246.05,492.1
2025-12-13,13944,Eletrônicos,Smartwatch,Sudeste,Site,3,899.0,2697.0
2025-12-14,13945,Moda,Jaqueta,Centro-Oeste,App,1,259.0,259.0
2025-12-14,13946,Eletrônicos,Smartphone,Sudeste,App,3,1709.1,5127.3
2025-12-14,13947,Eletrônicos,Fone Bluetooth,Norte,Site,2,211.65,423.3
2025-12-14,13948,Informática,Teclado Mecânico,Norte,App,3,349.0,1047.0
2025-12-14,13949,Esporte,Bicicleta,Sudeste,App,1,1599.0,1599.0
2025-12-14,13950,Esporte,Tapete Yoga,Nordeste,Site,3,99.0,297.0
2025-12-14,13951,Esporte,Halteres 10kg,Sul,Loja Física,1,189.0,189.0
2025-12-14,13952,Moda,Relógio,Sul,Loja Física,3,329.0,987.0
2025-12-14,13953,Eletrônicos,Smartwatch,Sudeste,Site,2,899.0,1798.0
2025-12-14,13954,Eletrônicos,Notebook,Nordeste,Loja Física,1,3799.05,3799.05
2025-12-14,13955,Casa,Cafeteira,Sudeste,Site,1,289.0,289.0
2025-12-14,13956,Casa,Aspirador Robô,Nordeste,Site,3,1299.0,3897.0
2025-12-14,13957,Esporte,Esteira,Sudeste,Loja Física,3,2519.1,7557.3
2025-12-14,13958,Esporte,Esteira,Sudeste,App,1,2519.1,2519.1
2025-12-15,13959,Esporte,Bicicleta,Sudeste,App,3,1519.05,4557.15
2025-12-15,13960,Eletrônicos,Smartphone,Sudeste,Site,1,1804.05,1804.05
2025-12-15,13961,Informática,"Monitor 24""",Sudeste,Loja Física,1,849.15,849.15
2025-12-15,13962,Esporte,Tapete Yoga,Sudeste,Site,2,89.1,178.2
2025-12-15,13963,Informática,Mouse Gamer,Sudeste,App,2,159.0,318.0
2025-12-15,13964,Esporte,Halteres 10kg,Nordeste,Site,3,189.0,567.0
2025-12-15,13965,Eletrônicos,Smartwatch,Sul,Site,1,899.0,899.0
2025-12-16,13966,Eletrônicos,Smartphone,Sudeste,Site,3,1804.05,5412.15
2025-12-16,13967,Informática,SSD 1TB,Sudeste,App,2,386.1,772.2
2025-12-16,13968,Esporte,Tapete Yoga,Sudeste,App,1,94.05,94.05
2025-12-16,13969,Esporte,Bicicleta,Centro-Oeste,Site,1,1599.0,1599.0
2025-12-16,13970,Moda,Tênis Esportivo,Nordeste,App,3,399.0,1197.0
2025-12-17,13971,Eletrônicos,Notebook,Nordeste,Site,2,3999.0,7998.0
2025-12-17,13972,Informática,Teclado Mecânico,Sudeste,Loja Física,3,331.55,994.65
2025-12-17,13973,Eletrônicos,Fone Bluetooth,Nordeste,Site,1,249.0,249.0
2025-12-17,13974,Casa,Air Fryer,Sul,App,2,459.0,918.0
2025-12-17,13975,Moda,Tênis Esportivo,Sudeste,Site,3,359.1,1077.3
2025-12-17,13976,Informática,SSD 1TB,Nordeste,App,1,386.1,386.1
2025-12-18,13977,Eletrônicos,Smartwatch,Sul,Site,3,899.0,2697.0
2025-12-18,13978,Moda,Relógio,Sudeste,Site,1,329.0,329.0
2025-12-18,13979,Esporte,Bicicleta,Centro-Oeste,Site,3,1599.0,4797.0
2025-12-18,13980,Esporte,Bicicleta,Centro-Oeste,App,3,1519.05,4557.15
2025-12-18,13981,Moda,Mochila,Nordeste,Site,3,179.0,537.0
2025-12-18,13982,Informática,Mouse Gamer,Sudeste,App,1,143.1,143.1
2025-12-18,13983,Casa,Air Fryer,Sul,Loja Física,3,459.0,1377.0
2025-12-18,13984,Informática,"Monitor 24""",Sudeste,Loja Física,3,999.0,2997.0
2025-12-18,13985,Esporte,Bicicleta,Nordeste,Site,2,1599.0,3198.0
2025-12-18,13986,Eletrônicos,Fone Bluetooth,Norte,App,1,211.65,211.65
2025-12-18,13987,Informática,"Monitor 24""",Nordeste,App,2,949.05,1898.1
2025-12-18,13988,Esporte,Halteres 10kg,Nordeste,Site,1,170.1,170.1
2025-12-18,13989,Moda,Mochila,Nordeste,Site,1,179.0,179.0
2025-12-19,13990,Esporte,Esteira,Sudeste,Loja Física,1,2519.1,2519.1
2025-12-19,13991,Eletrônicos,Smartphone,Norte,Loja Física,1,1804.05,1804.05
2025-12-19,13992,Esporte,Halteres 10kg,Sul,Site,3,189.0,567.0
2025-12-19,13993,Moda,Relógio,Nordeste,Site,2,329.0,658.0
2025-12-19,13994,Esporte,Bicicleta,Sul,Loja Física,3,1519.05,4557.15
2025-12-19,13995,Informática,Mouse Gamer,Sudeste,Site,3,151.05,453.15
2025-12-19,13996,Moda,Jaqueta,Centro-Oeste,Site,1,259.0,259.0
2025-12-19,13997,Esporte,Bicicleta,Sudeste,App,1,1599.0,1599.0
2025-12-19,13998,Casa,Air Fryer,Sul,App,2,413.1,826.2
2025-12-19,13999,Casa,Cafeteira,Nordeste,Loja Física,2,289.0,578.0
2025-12-19,14000,Informática,Mouse Gamer,Nordeste,Site,1,159.0,159.0
2025-12-19,14001,Casa,Liquidificador,Sul,Site,2,179.1,358.2
2025-12-19,14002,Informática,Mouse Gamer,Nordeste,Loja Física,3,159.0,477.0
2025-12-19,14003,Informática,"Monitor 24""",Sul,App,3,999.0,2997.0
2025-12-19,14004,Informática,SSD 1TB,Nordeste,App,2,429.0,858.0
2025-12-20,14005,Eletrônicos,Smartphone,Sudeste,App,3,1899.0,5697.0
2025-12-20,14006,Moda,Tênis Esportivo,Nordeste,Loja Física,3,359.1,1077.3
2025-12-20,14007,Informática,"Monitor 24""",Centro-Oeste,Loja Física,1,999.0,999.0
2025-12-20,14008,Esporte,Halteres 10kg,Sudeste,Site,3,189.0,567.0
2025-12-20,14009,Esporte,Bicicleta,Sudeste,Loja Física,1,1599.0,1599.0
2025-12-20,14010,Eletrônicos,Notebook,Sul,Site,2,3599.1,7198.2
2025-12-20,14011,Esporte,Halteres 10kg,Nordeste,Site,3,189.0,567.0
2025-12-20,14012,Esporte,Bicicleta,Sul,Site,2,1599.0,3198.0
2025-12-20,14013,Informática,SSD 1TB,Sudeste,Loja Física,1,429.0,429.0
2025-12-20,14014,Eletrônicos,Smartwatch,Sul,Loja Física,2,854.05,1708.1
2025-12-20,14015,Esporte,Bicicleta,Sudeste,Site,1,1439.1,1439.1
2025-12-21,14016,Moda,Mochila,Sudeste,App,2,161.1,322.2
2025-12-21,14017,Informática,SSD 1TB,Sudeste,App,3,429.0,1287.0
2025-12-21,14018,Moda,Mochila,Nordeste,Site,3,170.05,510.15
2025-12-21,14019,Moda,Relógio,Nordeste,Site,2,279.65,559.3
2025-12-21,14020,Moda,Relógio,Sudeste,App,3,312.55,937.65
2025-12-21,14021,Esporte,Bicicleta,Sudeste,App,1,1519.05,1519.05
2025-12-21,14022,Eletrônicos,Notebook,Nordeste,App,2,3599.1,7198.2
2025-12-21,14023,Esporte,Halteres 10kg,Nordeste,App,1,189.0,189.0
2025-12-21,14024,Esporte,Tapete Yoga,Sul,Site,1,94.05,94.05
2025-12-22,14025,Casa,Liquidificador,Sudeste,Loja Física,1,189.05,189.05
2025-12-22,14026,Moda,Jaqueta,Sudeste,App,2,246.05,492.1
2025-12-22,14027,Casa,Liquidificador,Nordeste,Site,2,189.05,378.1
2025-12-22,14028,Informática,"Monitor 24""",Sudeste,Site,1,949.05,949.05
2025-12-22,14029,Esporte,Tapete Yoga,Nordeste,App,3,94.05,282.15
2025-12-22,14030,Casa,Aspirador Robô,Sudeste,App,3,1299.0,3897.0
2025-12-22,14031,Casa,Liquidificador,Nordeste,App,3,169.15,507.45
2025-12-22,14032,Informática,Mouse Gamer,Nordeste,Site,2,159.0,318.0
2025-12-22,14033,Informática,Teclado Mecânico,Sudeste,App,3,296.65,889.95
2025-12-22,14034,Informática,SSD 1TB,Sudeste,App,2,429.0,858.0
2025-12-23,14035,Casa,Liquidificador,Sudeste,App,3,179.1,537.3
2025-12-23,14036,Esporte,Halteres 10kg,Sudeste,App,3,189.0,567.0
2025-12-23,14037,Informática,Mouse Gamer,Nordeste,Site,1,159.0,159.0
2025-12-23,14038,Casa,Aspirador Robô,Norte,App,1,1299.0,1299.0
2025-12-23,14039,Informática,"Monitor 24""",Sudeste,App,3,949.05,2847.15
2025-12-24,14040,Moda,Tênis Esportivo,Sudeste,App,2,399.0,798.0
2025-12-24,14041,Casa,Aspirador Robô,Sudeste,Site,2,1299.0,2598.0
2025-12-24,14042,Eletrônicos,Smartwatch,Sul,Site,1,899.0,899.0
2025-12-24,14043,Informática,Mouse Gamer,Sudeste,Site,3,143.1,429.3
2025-12-24,14044,Casa,Air Fryer,Sudeste,App,2,459.0,918.0
2025-12-24,14045,Eletrônicos,Notebook,Sudeste,Site,1,3599.1,3599.1
2025-12-24,14046,Esporte,Tapete Yoga,Norte,App,3,99.0,297.0
2025-12-24,14047,Eletrônicos,Notebook,Centro-Oeste,Site,1,3999.0,3999.0
2025-12-24,14048,Informática,Teclado Mecânico,Centro-Oeste,App,3,349.0,1047.0
2025-12-24,14049,Informática,Mouse Gamer,Centro-Oeste,App,2,159.0,318.0
2025-12-24,14050,Informática,Teclado Mecânico,Sul,Site,2,314.1,628.2
2025-12-25,14051,Moda,Jaqueta,Nordeste,Site,1,246.05,246.05
2025-12-25,14052,Casa,Aspirador Robô,Sul,Loja Física,2,1299.0,2598.0
2025-12-25,14053,Casa,Cafeteira,Nordeste,App,2,289.0,578.0
2025-12-25,14054,Esporte,Tapete Yoga,Sudeste,App,3,94.05,282.15
2025-12-25,14055,Casa,Cafeteira,Sudeste,Loja Física,3,289.0,867.0
2025-12-25,14056,Casa,Cafeteira,Sudeste,App,1,289.0,289.0
2025-12-25,14057,Moda,Mochila,Sudeste,Site,1,179.0,179.0
2025-12-25,14058,Esporte,Halteres 10kg,Norte,Site,1,179.55,179.55
2025-12-25,14059,Casa,Cafeteira,Nordeste,App,2,289.0,578.0
2025-12-25,14060,Moda,Mochila,Sudeste,App,1,179.0,179.0
2025-12-25,14061,Informática,Mouse Gamer,Sul,Site,1,135.15,135.15
2025-12-26,14062,Casa,Cafeteira,Sul,App,1,289.0,289.0
2025-12-26,14063,Eletrônicos,Smartwatch,Sul,Site,1,809.1,809.1
2025-12-26,14064,Moda,Relógio,Sudeste,Loja Física,2,329.0,658.0
2025-12-26,14065,Informática,"Monitor 24""",Sudeste,App,3,999.0,2997.0
2025-12-26,14066,Informática,Mouse Gamer,Sul,Site,2,143.1,286.2
2025-12-26,14067,Informática,"Monitor 24""",Sul,Site,1,899.1,899.1
2025-12-26,14068,Esporte,Esteira,Norte,App,2,2519.1,5038.2
2025-12-26,14069,Eletrônicos,Fone Bluetooth,Sudeste,Site,3,249.0,747.0
2025-12-26,14070,Informática,SSD 1TB,Nordeste,App,2,429.0,858.0
2025-12-26,14071,Eletrônicos,Smartphone,Sudeste,Loja Física,2,1899.0,3798.0
2025-12-27,14072,Moda,Tênis Esportivo,Sudeste,Loja Física,2,399.0,798.0
2025-12-27,14073,Casa,Aspirador Robô,Sudeste,App,1,1299.0,1299.0
2025-12-27,14074,Informática,SSD 1TB,Sudeste,Site,2,386.1,772.2
2025-12-27,14075,Casa,Liquidificador,Sul,Loja Física,1,199.0,199.0
2025-12-27,14076,Esporte,Esteira,Nordeste,Loja Física,3,2659.05,7977.15
2025-12-27,14077,Eletrônicos,Fone Bluetooth,Nordeste,App,1,249.0,249.0
2025-12-27,14078,Eletrônicos,Smartphone,Sul,Loja Física,1,1804.05,1804.05
2025-12-27,14079,Moda,Jaqueta,Sudeste,App,1,259.0,259.0
2025-12-27,14080,Moda,Relógio,Nordeste,Site,1,312.55,312.55
2025-12-28,14081,Moda,Relógio,Nordeste,App,1,312.55,312.55
2025-12-28,14082,Moda,Relógio,Centro-Oeste,App,3,312.55,937.65
2025-12-28,14083,Casa,Cafeteira,Sudeste,Site,2,289.0,578.0
2025-12-28,14084,Casa,Cafeteira,Centro-Oeste,App,2,289.0,578.0
2025-12-28,14085,Moda,Jaqueta,Centro-Oeste,Site,1,233.1,233.1
2025-12-28,14086,Esporte,Esteira,Nordeste,App,2,2799.0,5598.0
2025-12-28,14087,Moda,Mochila,Sul,Loja Física,1,161.1,161.1
2025-12-29,14088,Moda,Mochila,Sudeste,Loja Física,2,179.0,358.0
2025-12-29,14089,Informática,Teclado Mecânico,Sul,App,2,349.0,698.0
2025-12-29,14090,Casa,Aspirador Robô,Sudeste,Site,2,1299.0,2598.0
2025-12-29,14091,Informática,Mouse Gamer,Sudeste,Site,2,159.0,318.0
2025-12-29,14092,Casa,Cafeteira,Sul,App,3,289.0,867.0
2025-12-29,14093,Informática,Teclado Mecânico,Sul,Site,2,349.0,698.0
2025-12-29,14094,Informática,Teclado Mecânico,Nordeste,Site,1,314.1,314.1
2025-12-29,14095,Esporte,Tapete Yoga,Sudeste,Loja Física,1,99.0,99.0
2025-12-29,14096,Eletrônicos,Smartphone,Nordeste,App,1,1804.05,1804.05
2025-12-29,14097,Informática,Teclado Mecânico,Sudeste,App,2,331.55,663.1
2025-12-29,14098,Eletrônicos,Fone Bluetooth,Nordeste,App,1,236.55,236.55
2025-12-30,14099,Casa,Air Fryer,Nordeste,Site,3,459.0,1377.0
2025-12-30,14100,Informática,Teclado Mecânico,Sul,Loja Física,2,349.0,698.0
2025-12-30,14101,Moda,Relógio,Centro-Oeste,App,1,296.1,296.1
2025-12-30,14102,Esporte,Esteira,Sudeste,Site,2,2659.05,5318.1
2025-12-30,14103,Informática,SSD 1TB,Sudeste,Site,1,429.0,429.0
2025-12-30,14104,Casa,Aspirador Robô,Sul,App,2,1299.0,2598.0
2025-12-31,14105,Informática,SSD 1TB,Sudeste,Site,1,429.0,429.0
2025-12-31,14106,Moda,Relógio,Nordeste,App,1,296.1,296.1
2025-12-31,14107,Esporte,Esteira,Sudeste,Site,1,2519.1,2519.1
2025-12-31,14108,Esporte,Esteira,Sul,Site,2,2799.0,5598.0
2025-12-31,14109,Casa,Liquidificador,Sudeste,Site,3,189.05,567.15
